[{"player":"tkm3u8","name":"第03集","url":"https://v6.dious.cc/20220414/h86FvVTF/index.m3u8"},{"player":"tkm3u8","name":"第04集","url":"https://v6.dious.cc/20220414/WbPNA0pr/index.m3u8"},{"player":"tkm3u8","name":"第05集","url":"https://v6.dious.cc/20220414/3Khzcbug/index.m3u8"},{"player":"tkm3u8","name":"第06集","url":"https://v6.dious.cc/20220414/Xku8DHjY/index.m3u8"},{"player":"tkm3u8","name":"第07集","url":"https://v6.dious.cc/20220414/kwHh3AML/index.m3u8"},{"player":"tkm3u8","name":"第08集","url":"https://v6.dious.cc/20220414/icJRQmjM/index.m3u8"},{"player":"tkm3u8","name":"第09集","url":"https://v6.dious.cc/20220427/kShzz7QY/index.m3u8"},{"player":"tkm3u8","name":"第10集","url":"https://v6.dious.cc/20220427/L7VMkg0N/index.m3u8"},{"player":"tkm3u8","name":"第11集","url":"https://v6.dious.cc/20220427/CGBYi9TW/index.m3u8"},{"player":"tkm3u8","name":"第12集","url":"https://v6.dious.cc/20220427/qpYiPcHs/index.m3u8"}]