[{"player":"tkm3u8","name":"第01集","url":"https://v7.dious.cc/20220607/BroU46iC/index.m3u8"},{"player":"tkm3u8","name":"第02集","url":"https://v7.dious.cc/20220607/Jd2MJmTR/index.m3u8"},{"player":"tkm3u8","name":"第03集","url":"https://v7.dious.cc/20220607/LvCPWYiW/index.m3u8"},{"player":"tkm3u8","name":"第04集","url":"https://v7.dious.cc/20220607/kDVwM4Mw/index.m3u8"},{"player":"tkm3u8","name":"第05集","url":"https://v7.dious.cc/20220607/INiiHT4A/index.m3u8"},{"player":"tkm3u8","name":"第06集","url":"https://v7.dious.cc/20220607/NfHB3rSM/index.m3u8"},{"player":"tkm3u8","name":"第07集","url":"https://v7.dious.cc/20220608/ox4flGVg/index.m3u8"},{"player":"tkm3u8","name":"第08集","url":"https://v7.dious.cc/20220608/h24E8gJH/index.m3u8"},{"player":"tkm3u8","name":"第09集","url":"https://v7.dious.cc/20220609/WEidyozu/index.m3u8"},{"player":"tkm3u8","name":"第10集","url":"https://v7.dious.cc/20220609/z87DgRfA/index.m3u8"}]