[{"player":"tkm3u8","name":"第01集","url":"https://v6.dious.cc/20220423/2mpP35BV/index.m3u8"},{"player":"tkm3u8","name":"第02集","url":"https://v6.dious.cc/20220423/8GqxHSni/index.m3u8"},{"player":"tkm3u8","name":"第03集","url":"https://v6.dious.cc/20220428/PU4DRMKs/index.m3u8"},{"player":"tkm3u8","name":"第04集","url":"https://v6.dious.cc/20220430/MpurKICu/index.m3u8"},{"player":"tkm3u8","name":"第05集","url":"https://v6.dious.cc/20220504/d9l96Ye4/index.m3u8"},{"player":"tkm3u8","name":"第06集","url":"https://v6.dious.cc/20220511/37mB87hC/index.m3u8"},{"player":"tkm3u8","name":"第07集","url":"https://v6.dious.cc/20220514/03VwIZYm/index.m3u8"},{"player":"tkm3u8","name":"第08集","url":"https://v6.dious.cc/20220514/SWcKuLtp/index.m3u8"},{"player":"tkm3u8","name":"第09集","url":"https://v6.dious.cc/20220518/dkCjBI38/index.m3u8"},{"player":"tkm3u8","name":"第10集","url":"https://v6.dious.cc/20220521/l38pgqY0/index.m3u8"},{"player":"tkm3u8","name":"第11集","url":"https://v6.dious.cc/20220525/rFFvb7xk/index.m3u8"},{"player":"tkm3u8","name":"第12集","url":"https://v6.dious.cc/20220528/kmMrUg3r/index.m3u8"},{"player":"tkm3u8","name":"第13集","url":"https://v6.dious.cc/20220601/1bSLrRS3/index.m3u8"},{"player":"tkm3u8","name":"第14集","url":"https://v6.dious.cc/20220604/MQ5njoR7/index.m3u8"},{"player":"tkm3u8","name":"第15集","url":"https://v7.dious.cc/20220608/qDskZD71/index.m3u8"},{"player":"tkm3u8","name":"第16集","url":"https://v7.dious.cc/20220617/7BhKGPcB/index.m3u8"},{"player":"tkm3u8","name":"第17集","url":"https://v7.dious.cc/20220617/kL0aRyHo/index.m3u8"},{"player":"tkm3u8","name":"第18集","url":"https://v7.dious.cc/20220618/CCdPJcoD/index.m3u8"},{"player":"tkm3u8","name":"第19集","url":"https://v7.dious.cc/20220622/FYdZdKMt/index.m3u8"},{"player":"tkm3u8","name":"第20集","url":"https://v7.dious.cc/20220625/tFJllzhL/index.m3u8"},{"player":"tkm3u8","name":"第21集","url":"https://v7.dious.cc/20220702/NoUphM8e/index.m3u8"},{"player":"tkm3u8","name":"第22集","url":"https://v7.dious.cc/20220702/1jJBFAMH/index.m3u8"},{"player":"tkm3u8","name":"第23集","url":"https://v7.dious.cc/20220706/KArkjLhr/index.m3u8"},{"player":"tkm3u8","name":"第24集","url":"https://v7.dious.cc/20220709/5eXBwY5V/index.m3u8"}]