[{"player":"tkm3u8","name":"第01集","url":"https://v6.dious.cc/20220511/KnCynYRH/index.m3u8"},{"player":"tkm3u8","name":"第02集","url":"https://v6.dious.cc/20220511/tBfE1xPk/index.m3u8"},{"player":"tkm3u8","name":"第03集","url":"https://v6.dious.cc/20220511/CVaKmS63/index.m3u8"},{"player":"tkm3u8","name":"第04集","url":"https://v6.dious.cc/20220511/LOQJAHxr/index.m3u8"},{"player":"tkm3u8","name":"第05集","url":"https://v6.dious.cc/20220511/BVQexLyi/index.m3u8"},{"player":"tkm3u8","name":"第06集","url":"https://v6.dious.cc/20220511/0D2ACI5s/index.m3u8"},{"player":"tkm3u8","name":"第07集","url":"https://v6.dious.cc/20220511/6MmdIlar/index.m3u8"},{"player":"tkm3u8","name":"第08集","url":"https://v6.dious.cc/20220511/LbdmAH17/index.m3u8"},{"player":"tkm3u8","name":"第09集","url":"https://v6.dious.cc/20220511/GTyPmHga/index.m3u8"},{"player":"tkm3u8","name":"第10集","url":"https://v6.dious.cc/20220511/SdWSKRHi/index.m3u8"},{"player":"tkm3u8","name":"第11集","url":"https://v6.dious.cc/20220511/BpX4KtaZ/index.m3u8"},{"player":"tkm3u8","name":"第12集","url":"https://v6.dious.cc/20220511/01uLHLe4/index.m3u8"},{"player":"tkm3u8","name":"第13集","url":"https://v6.dious.cc/20220513/kMZR6U7z/index.m3u8"},{"player":"tkm3u8","name":"第14集","url":"https://v6.dious.cc/20220513/vJZQ1ei5/index.m3u8"},{"player":"tkm3u8","name":"第15集","url":"https://v6.dious.cc/20220514/LY3f1oJH/index.m3u8"},{"player":"tkm3u8","name":"第16集","url":"https://v6.dious.cc/20220514/qhDzmVl1/index.m3u8"},{"player":"tkm3u8","name":"第17集","url":"https://v6.dious.cc/20220517/sboJDfpf/index.m3u8"},{"player":"tkm3u8","name":"第18集","url":"https://v6.dious.cc/20220517/kWGpUULL/index.m3u8"},{"player":"tkm3u8","name":"第19集","url":"https://v6.dious.cc/20220519/rtx9IIsX/index.m3u8"},{"player":"tkm3u8","name":"第20集","url":"https://v6.dious.cc/20220519/WUW91sKU/index.m3u8"},{"player":"tkm3u8","name":"第21集","url":"https://v6.dious.cc/20220520/UocuZtwd/index.m3u8"},{"player":"tkm3u8","name":"第22集","url":"https://v6.dious.cc/20220520/PPxGVogF/index.m3u8"},{"player":"tkm3u8","name":"第23集","url":"https://v6.dious.cc/20220520/SrONzPTZ/index.m3u8"},{"player":"tkm3u8","name":"第24集","url":"https://v6.dious.cc/20220520/RZ2w47RJ/index.m3u8"},{"player":"tkm3u8","name":"第25集","url":"https://v6.dious.cc/20220525/uJaqOSOA/index.m3u8"},{"player":"tkm3u8","name":"第26集","url":"https://v6.dious.cc/20220525/Dx5gWsZr/index.m3u8"},{"player":"tkm3u8","name":"第27集","url":"https://v6.dious.cc/20220525/egxmlpWF/index.m3u8"},{"player":"tkm3u8","name":"第28集","url":"https://v6.dious.cc/20220525/s2VX6FvY/index.m3u8"},{"player":"tkm3u8","name":"第29集","url":"https://v6.dious.cc/20220526/MIcUZEdj/index.m3u8"},{"player":"tkm3u8","name":"第30集","url":"https://v6.dious.cc/20220526/WecOvRvQ/index.m3u8"},{"player":"tkm3u8","name":"第31集","url":"https://v6.dious.cc/20220528/iEIO4bz1/index.m3u8"},{"player":"tkm3u8","name":"第32集","url":"https://v6.dious.cc/20220528/xeQeVEtv/index.m3u8"},{"player":"tkm3u8","name":"第33集","url":"https://v6.dious.cc/20220601/EJGMk0xy/index.m3u8"},{"player":"tkm3u8","name":"第34集","url":"https://v6.dious.cc/20220601/Le0QrpCb/index.m3u8"},{"player":"tkm3u8","name":"第35集","url":"https://v6.dious.cc/20220602/8o8B6I3d/index.m3u8"},{"player":"tkm3u8","name":"第36集","url":"https://v6.dious.cc/20220602/LiLFBDvx/index.m3u8"},{"player":"tkm3u8","name":"第37集","url":"https://v6.dious.cc/20220603/9EOLnWeb/index.m3u8"},{"player":"tkm3u8","name":"第38集","url":"https://v6.dious.cc/20220603/4W8F0VQh/index.m3u8"},{"player":"tkm3u8","name":"第39集","url":"https://v6.dious.cc/20220604/p2Y4MhfN/index.m3u8"},{"player":"tkm3u8","name":"第40集","url":"https://v6.dious.cc/20220604/bAyAnfMe/index.m3u8"}]