[{"player":"tkm3u8","name":"第01集","url":"https://v7.dious.cc/20220606/I7CK2ys6/index.m3u8"},{"player":"tkm3u8","name":"第02集","url":"https://v7.dious.cc/20220606/UPDL495B/index.m3u8"},{"player":"tkm3u8","name":"第03集","url":"https://v7.dious.cc/20220606/hrv3I3ID/index.m3u8"},{"player":"tkm3u8","name":"第04集","url":"https://v7.dious.cc/20220606/Z8MckE9J/index.m3u8"},{"player":"tkm3u8","name":"第05集","url":"https://v7.dious.cc/20220607/x2hIN2l6/index.m3u8"},{"player":"tkm3u8","name":"第06集","url":"https://v7.dious.cc/20220607/RRvwpS7r/index.m3u8"},{"player":"tkm3u8","name":"第07集","url":"https://v7.dious.cc/20220608/Yp18mAgZ/index.m3u8"}]