[{"player":"tkm3u8","name":"第01集","url":"https://v4.dious.cc/20220506/39L8D06z/index.m3u8"},{"player":"tkm3u8","name":"第02集","url":"https://v4.dious.cc/20220506/3HbIGbLM/index.m3u8"},{"player":"tkm3u8","name":"第03集","url":"https://v4.dious.cc/20220506/KxANeoiN/index.m3u8"},{"player":"tkm3u8","name":"第04集","url":"https://v4.dious.cc/20220506/jxBqNNJ6/index.m3u8"},{"player":"tkm3u8","name":"第05集","url":"https://v4.dious.cc/20220506/AS2DARKx/index.m3u8"},{"player":"tkm3u8","name":"第06集","url":"https://v4.dious.cc/20220506/JSj1BtVo/index.m3u8"},{"player":"tkm3u8","name":"第07集","url":"https://v4.dious.cc/20220506/zp3W5dHE/index.m3u8"},{"player":"tkm3u8","name":"第08集","url":"https://v4.dious.cc/20220506/1sYJmzuG/index.m3u8"},{"player":"tkm3u8","name":"第09集","url":"https://v4.dious.cc/20220506/xlRiIkO4/index.m3u8"},{"player":"tkm3u8","name":"第10集","url":"https://v4.dious.cc/20220506/s2MQHLFn/index.m3u8"},{"player":"tkm3u8","name":"第11集","url":"https://v4.dious.cc/20220506/JJaCcLqR/index.m3u8"},{"player":"tkm3u8","name":"第12集","url":"https://v4.dious.cc/20220506/kSjnxxYY/index.m3u8"},{"player":"tkm3u8","name":"第13集","url":"https://v4.dious.cc/20220506/LDRRMqqh/index.m3u8"},{"player":"tkm3u8","name":"第14集","url":"https://v4.dious.cc/20220506/KZGezg3h/index.m3u8"},{"player":"tkm3u8","name":"第15集","url":"https://v4.dious.cc/20220506/WTrwE6zN/index.m3u8"},{"player":"tkm3u8","name":"第16集","url":"https://v4.dious.cc/20220506/klwHzzEL/index.m3u8"},{"player":"tkm3u8","name":"第17集","url":"https://v4.dious.cc/20220506/jc8QCxJF/index.m3u8"},{"player":"tkm3u8","name":"第18集","url":"https://v4.dious.cc/20220506/wUGLnutu/index.m3u8"},{"player":"tkm3u8","name":"第19集","url":"https://v4.dious.cc/20220506/raqlpvzW/index.m3u8"},{"player":"tkm3u8","name":"第20集","url":"https://v4.dious.cc/20220506/SVevgYd6/index.m3u8"},{"player":"tkm3u8","name":"第21集","url":"https://v4.dious.cc/20220506/5r7FTNt1/index.m3u8"},{"player":"tkm3u8","name":"第22集","url":"https://v4.dious.cc/20220506/RcNGnize/index.m3u8"},{"player":"tkm3u8","name":"第23集","url":"https://v4.dious.cc/20220506/98g2EDvy/index.m3u8"},{"player":"tkm3u8","name":"第24集","url":"https://v4.dious.cc/20220506/MmP5Cwe1/index.m3u8"},{"player":"tkm3u8","name":"第25集","url":"https://v4.dious.cc/20220506/kOK3BpFh/index.m3u8"},{"player":"tkm3u8","name":"第26集","url":"https://v4.dious.cc/20220506/b4nRVrz6/index.m3u8"},{"player":"tkm3u8","name":"第27集","url":"https://v4.dious.cc/20220506/itbjLZjU/index.m3u8"},{"player":"tkm3u8","name":"第28集","url":"https://v4.dious.cc/20220506/rIrMC1ae/index.m3u8"},{"player":"tkm3u8","name":"第29集","url":"https://v4.dious.cc/20220506/gBqfM2s8/index.m3u8"},{"player":"tkm3u8","name":"第30集","url":"https://v4.dious.cc/20220506/DX3uLavT/index.m3u8"}]