[{"player":"tkm3u8","name":"第01集","url":"https://v6.dious.cc/20220602/JW0tPh6t/index.m3u8"},{"player":"tkm3u8","name":"第02集","url":"https://v6.dious.cc/20220602/xvKgKbb1/index.m3u8"},{"player":"tkm3u8","name":"第03集","url":"https://v6.dious.cc/20220602/NRpeRdU0/index.m3u8"},{"player":"tkm3u8","name":"第04集","url":"https://v6.dious.cc/20220602/ZQnw9eEm/index.m3u8"},{"player":"tkm3u8","name":"第05集","url":"https://v6.dious.cc/20220602/0grxxGKs/index.m3u8"},{"player":"tkm3u8","name":"第06集","url":"https://v6.dious.cc/20220602/pDaMeLq2/index.m3u8"},{"player":"tkm3u8","name":"第07集","url":"https://v6.dious.cc/20220602/jd9J5OqK/index.m3u8"},{"player":"tkm3u8","name":"第08集","url":"https://v6.dious.cc/20220602/sukno4P8/index.m3u8"},{"player":"tkm3u8","name":"第09集","url":"https://v6.dious.cc/20220603/9zaugFyB/index.m3u8"},{"player":"tkm3u8","name":"第10集","url":"https://v6.dious.cc/20220603/BNyBKi7D/index.m3u8"},{"player":"tkm3u8","name":"第11集","url":"https://v6.dious.cc/20220604/N7IiEFWI/index.m3u8"},{"player":"tkm3u8","name":"第12集","url":"https://v6.dious.cc/20220604/ooWJZ0A0/index.m3u8"},{"player":"tkm3u8","name":"第13集","url":"https://v6.dious.cc/20220605/ZvPMf57I/index.m3u8"},{"player":"tkm3u8","name":"第14集","url":"https://v6.dious.cc/20220605/Dgre2lYk/index.m3u8"},{"player":"tkm3u8","name":"第15集","url":"https://v7.dious.cc/20220609/3p5ZaziM/index.m3u8"},{"player":"tkm3u8","name":"第16集","url":"https://v7.dious.cc/20220609/EqxOC381/index.m3u8"},{"player":"tkm3u8","name":"第17集","url":"https://v7.dious.cc/20220610/tTb5Z8hP/index.m3u8"},{"player":"tkm3u8","name":"第18集","url":"https://v7.dious.cc/20220610/G3HRGQVw/index.m3u8"},{"player":"tkm3u8","name":"第19集","url":"https://v7.dious.cc/20220611/R6hhJDkO/index.m3u8"},{"player":"tkm3u8","name":"第20集","url":"https://v7.dious.cc/20220611/txBeuvcX/index.m3u8"},{"player":"tkm3u8","name":"第21集","url":"https://v7.dious.cc/20220822/X0dbwr1x/index.m3u8"},{"player":"tkm3u8","name":"第22集","url":"https://v7.dious.cc/20220616/QjKa3pPo/index.m3u8"},{"player":"tkm3u8","name":"第23集","url":"https://v7.dious.cc/20220617/nTrWwhcV/index.m3u8"},{"player":"tkm3u8","name":"第24集","url":"https://v7.dious.cc/20220617/MBX67C5X/index.m3u8"},{"player":"tkm3u8","name":"第25集","url":"https://v7.dious.cc/20220618/fl2f9eog/index.m3u8"},{"player":"tkm3u8","name":"第26集","url":"https://v7.dious.cc/20220618/0C4SSY64/index.m3u8"},{"player":"tkm3u8","name":"第27集","url":"https://v7.dious.cc/20220623/dJ56dXZq/index.m3u8"},{"player":"tkm3u8","name":"第28集","url":"https://v7.dious.cc/20220623/Ey36N5WE/index.m3u8"},{"player":"tkm3u8","name":"第29集","url":"https://v7.dious.cc/20220624/0uJUoqKN/index.m3u8"},{"player":"tkm3u8","name":"第30集","url":"https://v7.dious.cc/20220624/NvKneFGp/index.m3u8"},{"player":"tkm3u8","name":"第31集","url":"https://v7.dious.cc/20220822/fcyJ2MqT/index.m3u8"},{"player":"tkm3u8","name":"第32集","url":"https://v7.dious.cc/20220625/g3jJDn7c/index.m3u8"},{"player":"tkm3u8","name":"第33集","url":"https://v7.dious.cc/20220626/sicSjW8Z/index.m3u8"},{"player":"tkm3u8","name":"第34集","url":"https://v7.dious.cc/20220626/N1k3V1ep/index.m3u8"},{"player":"tkm3u8","name":"第35集","url":"https://v7.dious.cc/20220626/tGARgF7z/index.m3u8"},{"player":"tkm3u8","name":"第36集","url":"https://v7.dious.cc/20220626/JGFon60A/index.m3u8"},{"player":"tkm3u8","name":"第37集","url":"https://v7.dious.cc/20220626/TLAy9jX8/index.m3u8"},{"player":"tkm3u8","name":"第38集","url":"https://v7.dious.cc/20220626/INjWSYAQ/index.m3u8"},{"player":"tkm3u8","name":"第39集","url":"https://v7.dious.cc/20220626/b4hLXXSo/index.m3u8"},{"player":"tkm3u8","name":"第40集","url":"https://v7.dious.cc/20220626/a1bRT0P3/index.m3u8"}]