[{"player":"tkm3u8","name":"第01集","url":"https://v6.dious.cc/20220510/gapmcEr8/index.m3u8"},{"player":"tkm3u8","name":"第02集","url":"https://v6.dious.cc/20220510/OadDIFpO/index.m3u8"},{"player":"tkm3u8","name":"第03集","url":"https://v6.dious.cc/20220510/ziGa6W03/index.m3u8"},{"player":"tkm3u8","name":"第04集","url":"https://v6.dious.cc/20220510/yF73WWOA/index.m3u8"},{"player":"tkm3u8","name":"第05集","url":"https://v6.dious.cc/20220510/9Ala7ogt/index.m3u8"},{"player":"tkm3u8","name":"第06集","url":"https://v6.dious.cc/20220510/UZKVBRMR/index.m3u8"},{"player":"tkm3u8","name":"第07集","url":"https://v6.dious.cc/20220510/md0LtATt/index.m3u8"},{"player":"tkm3u8","name":"第08集","url":"https://v6.dious.cc/20220510/14B6eCwv/index.m3u8"},{"player":"tkm3u8","name":"第09集","url":"https://v6.dious.cc/20220511/XA1O5lpz/index.m3u8"},{"player":"tkm3u8","name":"第10集","url":"https://v6.dious.cc/20220511/8rDho6PB/index.m3u8"},{"player":"tkm3u8","name":"第11集","url":"https://v6.dious.cc/20220515/hUHHKSqa/index.m3u8"},{"player":"tkm3u8","name":"第12集","url":"https://v6.dious.cc/20220515/J7TW7g5z/index.m3u8"},{"player":"tkm3u8","name":"第13集","url":"https://v6.dious.cc/20220517/iVlxG90E/index.m3u8"},{"player":"tkm3u8","name":"第14集","url":"https://v6.dious.cc/20220517/gFtHx9TF/index.m3u8"},{"player":"tkm3u8","name":"第15集","url":"https://v6.dious.cc/20220517/K9T7HpvF/index.m3u8"},{"player":"tkm3u8","name":"第16集","url":"https://v6.dious.cc/20220517/HyXjtFzA/index.m3u8"},{"player":"tkm3u8","name":"第17集","url":"https://v7.dious.cc/20220614/ozTy4rEf/index.m3u8"},{"player":"tkm3u8","name":"第18集","url":"https://v7.dious.cc/20220614/gHfAGv4B/index.m3u8"},{"player":"tkm3u8","name":"第19集","url":"https://v7.dious.cc/20220614/zuRr81qw/index.m3u8"},{"player":"tkm3u8","name":"第20集","url":"https://v7.dious.cc/20220614/f1A90zQy/index.m3u8"},{"player":"tkm3u8","name":"第21集","url":"https://v7.dious.cc/20220614/iqG7HTOM/index.m3u8"},{"player":"tkm3u8","name":"第22集","url":"https://v7.dious.cc/20220614/IIWLGEYn/index.m3u8"},{"player":"tkm3u8","name":"第23集","url":"https://v7.dious.cc/20220615/ay0oq6q9/index.m3u8"},{"player":"tkm3u8","name":"第24集","url":"https://v7.dious.cc/20220615/GC9mFizC/index.m3u8"},{"player":"tkm3u8","name":"第25集","url":"https://v7.dious.cc/20220617/RmpMAPYs/index.m3u8"},{"player":"tkm3u8","name":"第26集","url":"https://v7.dious.cc/20220617/fL5a1jsV/index.m3u8"}]