[{"player":"tkm3u8","name":"第01集","url":"https://v7.dious.cc/20220611/Mq24uzJq/index.m3u8"},{"player":"tkm3u8","name":"第02集","url":"https://v7.dious.cc/20220611/NlDxcDmn/index.m3u8"},{"player":"tkm3u8","name":"第03集","url":"https://v7.dious.cc/20220611/KopTcf4m/index.m3u8"},{"player":"tkm3u8","name":"第04集","url":"https://v7.dious.cc/20220611/X60oRMaD/index.m3u8"},{"player":"tkm3u8","name":"第05集","url":"https://v7.dious.cc/20220611/jAfzGW4g/index.m3u8"},{"player":"tkm3u8","name":"第06集","url":"https://v7.dious.cc/20220611/p8FeVPG0/index.m3u8"},{"player":"tkm3u8","name":"第07集","url":"https://v7.dious.cc/20220611/xWHQO2oD/index.m3u8"},{"player":"tkm3u8","name":"第08集","url":"https://v7.dious.cc/20220611/ecpvU7W6/index.m3u8"},{"player":"tkm3u8","name":"第09集","url":"https://v7.dious.cc/20220611/jPuaza3u/index.m3u8"},{"player":"tkm3u8","name":"第10集","url":"https://v7.dious.cc/20220611/VF2phyCn/index.m3u8"},{"player":"tkm3u8","name":"第11集","url":"https://v7.dious.cc/20220611/omIAe0zr/index.m3u8"},{"player":"tkm3u8","name":"第12集","url":"https://v7.dious.cc/20220611/xcQ0soeX/index.m3u8"},{"player":"tkm3u8","name":"第13集","url":"https://v7.dious.cc/20220611/RvCPHOPz/index.m3u8"},{"player":"tkm3u8","name":"第14集","url":"https://v7.dious.cc/20220611/LBviEUl8/index.m3u8"},{"player":"tkm3u8","name":"第15集","url":"https://v7.dious.cc/20220611/jbPjRJ4I/index.m3u8"},{"player":"tkm3u8","name":"第16集","url":"https://v7.dious.cc/20220611/cq8yedes/index.m3u8"},{"player":"tkm3u8","name":"第17集","url":"https://v7.dious.cc/20220611/ZNjHg3Nz/index.m3u8"},{"player":"tkm3u8","name":"第18集","url":"https://v7.dious.cc/20220611/XqJu5AfI/index.m3u8"},{"player":"tkm3u8","name":"第19集","url":"https://v7.dious.cc/20220611/rvo1TFae/index.m3u8"},{"player":"tkm3u8","name":"第20集","url":"https://v7.dious.cc/20220611/S9NREeFp/index.m3u8"},{"player":"tkm3u8","name":"第21集","url":"https://v7.dious.cc/20220611/a4DZ9G3s/index.m3u8"},{"player":"tkm3u8","name":"第22集","url":"https://v7.dious.cc/20220611/tCQTL4OK/index.m3u8"},{"player":"tkm3u8","name":"第23集","url":"https://v7.dious.cc/20220611/IY7LIbCu/index.m3u8"},{"player":"tkm3u8","name":"第24集","url":"https://v7.dious.cc/20220611/ZYuc6LBS/index.m3u8"}]