[{"player":"tkm3u8","name":"第01集","url":"https://v7.dious.cc/20220611/Xjm9qu71/index.m3u8"},{"player":"tkm3u8","name":"第02集","url":"https://v7.dious.cc/20220611/mCwFhYo3/index.m3u8"},{"player":"tkm3u8","name":"第03集","url":"https://v7.dious.cc/20220611/T0cCs1tf/index.m3u8"},{"player":"tkm3u8","name":"第04集","url":"https://v7.dious.cc/20220611/eMPhr6Kj/index.m3u8"},{"player":"tkm3u8","name":"第05集","url":"https://v7.dious.cc/20220611/4Rohqpt6/index.m3u8"},{"player":"tkm3u8","name":"第06集","url":"https://v7.dious.cc/20220611/arFgDUeQ/index.m3u8"},{"player":"tkm3u8","name":"第07集","url":"https://v7.dious.cc/20220611/IjJG3mdA/index.m3u8"},{"player":"tkm3u8","name":"第08集","url":"https://v7.dious.cc/20220611/ciPOFeBa/index.m3u8"},{"player":"tkm3u8","name":"第09集","url":"https://v7.dious.cc/20220611/KHDDgQGT/index.m3u8"},{"player":"tkm3u8","name":"第10集","url":"https://v7.dious.cc/20220611/yh8uSxD9/index.m3u8"},{"player":"tkm3u8","name":"第11集","url":"https://v7.dious.cc/20220611/fq5rEZeJ/index.m3u8"},{"player":"tkm3u8","name":"第12集","url":"https://v7.dious.cc/20220611/OdmSJRko/index.m3u8"},{"player":"tkm3u8","name":"第13集","url":"https://v7.dious.cc/20220611/OTt4XhQf/index.m3u8"},{"player":"tkm3u8","name":"第14集","url":"https://v7.dious.cc/20220611/DVEp0Yft/index.m3u8"},{"player":"tkm3u8","name":"第15集","url":"https://v7.dious.cc/20220611/XAHSeuWd/index.m3u8"},{"player":"tkm3u8","name":"第16集","url":"https://v7.dious.cc/20220611/XlmuBGHg/index.m3u8"},{"player":"tkm3u8","name":"第17集","url":"https://v7.dious.cc/20220611/0KEio0Es/index.m3u8"},{"player":"tkm3u8","name":"第18集","url":"https://v7.dious.cc/20220611/O31KoeDu/index.m3u8"},{"player":"tkm3u8","name":"第19集","url":"https://v7.dious.cc/20220611/zoYxIwdv/index.m3u8"},{"player":"tkm3u8","name":"第20集","url":"https://v7.dious.cc/20220611/QNZOIMQJ/index.m3u8"},{"player":"tkm3u8","name":"第21集","url":"https://v7.dious.cc/20220611/Zdxh4ZGv/index.m3u8"},{"player":"tkm3u8","name":"第22集","url":"https://v7.dious.cc/20220611/Msoadr2g/index.m3u8"},{"player":"tkm3u8","name":"第23集","url":"https://v7.dious.cc/20220611/BYmv2KrL/index.m3u8"},{"player":"tkm3u8","name":"第24集","url":"https://v7.dious.cc/20220611/XHUdbJzE/index.m3u8"}]