[{"player":"tkm3u8","name":"第01集","url":"https://v7.dious.cc/20220611/zkOumutX/index.m3u8"},{"player":"tkm3u8","name":"第02集","url":"https://v7.dious.cc/20220611/dWPPlrQg/index.m3u8"},{"player":"tkm3u8","name":"第03集","url":"https://v7.dious.cc/20220611/r7Np2c4X/index.m3u8"},{"player":"tkm3u8","name":"第04集","url":"https://v7.dious.cc/20220611/K1aJICZv/index.m3u8"},{"player":"tkm3u8","name":"第05集","url":"https://v7.dious.cc/20220611/6Rw3uUZB/index.m3u8"},{"player":"tkm3u8","name":"第06集","url":"https://v7.dious.cc/20220611/RshTyQGl/index.m3u8"},{"player":"tkm3u8","name":"第07集","url":"https://v7.dious.cc/20220611/up5RNqmG/index.m3u8"},{"player":"tkm3u8","name":"第08集","url":"https://v7.dious.cc/20220611/AEjJQWfm/index.m3u8"},{"player":"tkm3u8","name":"第09集","url":"https://v7.dious.cc/20220611/0NKJXL2e/index.m3u8"},{"player":"tkm3u8","name":"第10集","url":"https://v7.dious.cc/20220611/SwvGstYQ/index.m3u8"},{"player":"tkm3u8","name":"第11集","url":"https://v7.dious.cc/20220611/cYORzKkC/index.m3u8"},{"player":"tkm3u8","name":"第12集","url":"https://v7.dious.cc/20220611/GYOph9Qy/index.m3u8"},{"player":"tkm3u8","name":"第13集","url":"https://v7.dious.cc/20220611/AwinhVLz/index.m3u8"},{"player":"tkm3u8","name":"第14集","url":"https://v7.dious.cc/20220611/xaoY1l5k/index.m3u8"},{"player":"tkm3u8","name":"第15集","url":"https://v7.dious.cc/20220611/HaHMikPw/index.m3u8"},{"player":"tkm3u8","name":"第16集","url":"https://v7.dious.cc/20220611/JHFTJ9KF/index.m3u8"},{"player":"tkm3u8","name":"第17集","url":"https://v7.dious.cc/20220611/3LLS0eGK/index.m3u8"},{"player":"tkm3u8","name":"第18集","url":"https://v7.dious.cc/20220611/F50uI4Qp/index.m3u8"},{"player":"tkm3u8","name":"第19集","url":"https://v7.dious.cc/20220611/0lHsCcHM/index.m3u8"},{"player":"tkm3u8","name":"第20集","url":"https://v7.dious.cc/20220611/fLdzcQZv/index.m3u8"},{"player":"tkm3u8","name":"第21集","url":"https://v7.dious.cc/20220611/XHfWzhoZ/index.m3u8"},{"player":"tkm3u8","name":"第22集","url":"https://v7.dious.cc/20220611/dVlxOdtZ/index.m3u8"}]