[{"player":"tkm3u8","name":"第01集","url":"https://v4.dious.cc/20220507/DYBhe9y7/index.m3u8"},{"player":"tkm3u8","name":"第02集","url":"https://v4.dious.cc/20220507/TxeYfCPL/index.m3u8"},{"player":"tkm3u8","name":"第03集","url":"https://v4.dious.cc/20220507/koq8XUXk/index.m3u8"},{"player":"tkm3u8","name":"第04集","url":"https://v4.dious.cc/20220507/YOldXYsE/index.m3u8"},{"player":"tkm3u8","name":"第05集","url":"https://v4.dious.cc/20220507/nHMTDF92/index.m3u8"},{"player":"tkm3u8","name":"第06集","url":"https://v4.dious.cc/20220507/r66r7c34/index.m3u8"},{"player":"tkm3u8","name":"第07集","url":"https://v4.dious.cc/20220507/WLi0xJEl/index.m3u8"},{"player":"tkm3u8","name":"第08集","url":"https://v4.dious.cc/20220507/16eHdWWW/index.m3u8"},{"player":"tkm3u8","name":"第09集","url":"https://v4.dious.cc/20220507/8vCjxNaH/index.m3u8"},{"player":"tkm3u8","name":"第10集","url":"https://v4.dious.cc/20220507/uFJTTSUV/index.m3u8"},{"player":"tkm3u8","name":"第11集","url":"https://v4.dious.cc/20220507/zthpvW9P/index.m3u8"},{"player":"tkm3u8","name":"第12集","url":"https://v4.dious.cc/20220507/nuFVC6w6/index.m3u8"},{"player":"tkm3u8","name":"第13集","url":"https://v4.dious.cc/20220507/RDq26UFf/index.m3u8"},{"player":"tkm3u8","name":"第14集","url":"https://v4.dious.cc/20220507/lWWx3M88/index.m3u8"},{"player":"tkm3u8","name":"第15集","url":"https://v4.dious.cc/20220507/OETqRHyP/index.m3u8"},{"player":"tkm3u8","name":"第16集","url":"https://v4.dious.cc/20220507/QSPOrVHP/index.m3u8"},{"player":"tkm3u8","name":"第17集","url":"https://v4.dious.cc/20220507/Txc5NIKn/index.m3u8"},{"player":"tkm3u8","name":"第18集","url":"https://v4.dious.cc/20220507/x2uqpSN5/index.m3u8"},{"player":"tkm3u8","name":"第19集","url":"https://v4.dious.cc/20220507/hYJpI363/index.m3u8"},{"player":"tkm3u8","name":"第20集","url":"https://v4.dious.cc/20220507/b1JvK75D/index.m3u8"},{"player":"tkm3u8","name":"第21集","url":"https://v4.dious.cc/20220507/jXBfL8Z6/index.m3u8"},{"player":"tkm3u8","name":"第22集","url":"https://v4.dious.cc/20220507/ypScasnM/index.m3u8"},{"player":"tkm3u8","name":"第23集","url":"https://v4.dious.cc/20220507/b5I329Yp/index.m3u8"},{"player":"tkm3u8","name":"第24集","url":"https://v4.dious.cc/20220507/UXdqDdVK/index.m3u8"},{"player":"tkm3u8","name":"第25集","url":"https://v4.dious.cc/20220507/nINfEASa/index.m3u8"},{"player":"tkm3u8","name":"第26集","url":"https://v4.dious.cc/20220507/uaOkuMxc/index.m3u8"},{"player":"tkm3u8","name":"第27集","url":"https://v4.dious.cc/20220507/hbuINRFY/index.m3u8"},{"player":"tkm3u8","name":"第28集","url":"https://v4.dious.cc/20220507/qWeD27Hk/index.m3u8"},{"player":"tkm3u8","name":"第29集","url":"https://v4.dious.cc/20220507/tydkR6oE/index.m3u8"},{"player":"tkm3u8","name":"第30集","url":"https://v4.dious.cc/20220507/ZNE2JdHv/index.m3u8"}]