[{"player":"tkm3u8","name":"第01集","url":"https://v4.dious.cc/20220510/c10tKq47/index.m3u8"},{"player":"tkm3u8","name":"第02集","url":"https://v4.dious.cc/20220510/4DDf7Vor/index.m3u8"},{"player":"tkm3u8","name":"第03集","url":"https://v4.dious.cc/20220510/tYRSSTpn/index.m3u8"},{"player":"tkm3u8","name":"第04集","url":"https://v4.dious.cc/20220510/hWcdx2iz/index.m3u8"},{"player":"tkm3u8","name":"第05集","url":"https://v4.dious.cc/20220510/ilRbJbKx/index.m3u8"},{"player":"tkm3u8","name":"第06集","url":"https://v4.dious.cc/20220510/2pKbyHXu/index.m3u8"},{"player":"tkm3u8","name":"第07集","url":"https://v4.dious.cc/20220510/zl3IJwaT/index.m3u8"},{"player":"tkm3u8","name":"第08集","url":"https://v4.dious.cc/20220510/RiiE8lTL/index.m3u8"},{"player":"tkm3u8","name":"第09集","url":"https://v4.dious.cc/20220510/W4Jfb5LZ/index.m3u8"},{"player":"tkm3u8","name":"第10集","url":"https://v4.dious.cc/20220510/chjMBDpW/index.m3u8"},{"player":"tkm3u8","name":"第11集","url":"https://v4.dious.cc/20220510/bQJXVubT/index.m3u8"},{"player":"tkm3u8","name":"第12集","url":"https://v4.dious.cc/20220510/Vy3C1IVj/index.m3u8"},{"player":"tkm3u8","name":"第13集","url":"https://v4.dious.cc/20220510/xeZGOKiQ/index.m3u8"},{"player":"tkm3u8","name":"第14集","url":"https://v4.dious.cc/20220510/BFRrB7Uf/index.m3u8"},{"player":"tkm3u8","name":"第15集","url":"https://v4.dious.cc/20220510/TLLLUWij/index.m3u8"},{"player":"tkm3u8","name":"第16集","url":"https://v4.dious.cc/20220510/tDdVvQCX/index.m3u8"},{"player":"tkm3u8","name":"第17集","url":"https://v4.dious.cc/20220510/v5GbgJR0/index.m3u8"},{"player":"tkm3u8","name":"第18集","url":"https://v4.dious.cc/20220510/z9IC1tnn/index.m3u8"},{"player":"tkm3u8","name":"第19集","url":"https://v4.dious.cc/20220510/Z204bpTN/index.m3u8"},{"player":"tkm3u8","name":"第20集","url":"https://v4.dious.cc/20220510/XiWVPMXr/index.m3u8"},{"player":"tkm3u8","name":"第21集","url":"https://v4.dious.cc/20220510/pVWI4QZa/index.m3u8"},{"player":"tkm3u8","name":"第22集","url":"https://v4.dious.cc/20220510/hiMMP2PK/index.m3u8"},{"player":"tkm3u8","name":"第23集","url":"https://v4.dious.cc/20220510/Dd3FklPj/index.m3u8"},{"player":"tkm3u8","name":"第24集","url":"https://v4.dious.cc/20220510/A10sMm0h/index.m3u8"},{"player":"tkm3u8","name":"第25集","url":"https://v4.dious.cc/20220510/6JrsrF9D/index.m3u8"},{"player":"tkm3u8","name":"第26集","url":"https://v4.dious.cc/20220510/eyO6eKoK/index.m3u8"},{"player":"tkm3u8","name":"第27集","url":"https://v4.dious.cc/20220510/zjzGojkh/index.m3u8"},{"player":"tkm3u8","name":"第28集","url":"https://v4.dious.cc/20220510/FcrZdXic/index.m3u8"},{"player":"tkm3u8","name":"第29集","url":"https://v4.dious.cc/20220510/ennvyhtD/index.m3u8"},{"player":"tkm3u8","name":"第30集","url":"https://v4.dious.cc/20220510/YasIGwuA/index.m3u8"},{"player":"tkm3u8","name":"第31集","url":"https://v4.dious.cc/20220510/MGszfdsd/index.m3u8"},{"player":"tkm3u8","name":"第32集","url":"https://v4.dious.cc/20220510/eCnx9reL/index.m3u8"},{"player":"tkm3u8","name":"第33集","url":"https://v4.dious.cc/20220510/MdaHa8EW/index.m3u8"},{"player":"tkm3u8","name":"第34集","url":"https://v4.dious.cc/20220510/LEDxHzyH/index.m3u8"},{"player":"tkm3u8","name":"第35集","url":"https://v4.dious.cc/20220510/MuTejPGL/index.m3u8"},{"player":"tkm3u8","name":"第36集","url":"https://v4.dious.cc/20220510/LkJQ5G5Q/index.m3u8"},{"player":"tkm3u8","name":"第37集","url":"https://v4.dious.cc/20220510/pX6WjiCt/index.m3u8"},{"player":"tkm3u8","name":"第38集","url":"https://v4.dious.cc/20220510/W2hJEGjz/index.m3u8"}]