[{"player":"tkm3u8","name":"第01集","url":"https://v6.dious.cc/20220501/w26P8RJG/index.m3u8"},{"player":"tkm3u8","name":"第02集","url":"https://v6.dious.cc/20220501/YtbMwSrD/index.m3u8"},{"player":"tkm3u8","name":"第03集","url":"https://v6.dious.cc/20220501/qS7DNmwQ/index.m3u8"},{"player":"tkm3u8","name":"第04集","url":"https://v6.dious.cc/20220501/yh0XsUFW/index.m3u8"},{"player":"tkm3u8","name":"第05集","url":"https://v6.dious.cc/20220501/WKL8OWsX/index.m3u8"},{"player":"tkm3u8","name":"第06集","url":"https://v6.dious.cc/20220501/vwiK16wh/index.m3u8"},{"player":"tkm3u8","name":"第07集","url":"https://v6.dious.cc/20220501/KgudtVtN/index.m3u8"},{"player":"tkm3u8","name":"第08集","url":"https://v6.dious.cc/20220502/ihejEVal/index.m3u8"},{"player":"tkm3u8","name":"第09集","url":"https://v6.dious.cc/20220502/QveTpJZ6/index.m3u8"},{"player":"tkm3u8","name":"第10集","url":"https://v6.dious.cc/20220502/3l8zKQG1/index.m3u8"},{"player":"tkm3u8","name":"第11集","url":"https://v6.dious.cc/20220503/WToxkiBZ/index.m3u8"},{"player":"tkm3u8","name":"第12集","url":"https://v6.dious.cc/20220503/cJJ2wFSP/index.m3u8"},{"player":"tkm3u8","name":"第13集","url":"https://v6.dious.cc/20220503/fgmxdrYz/index.m3u8"},{"player":"tkm3u8","name":"第14集","url":"https://v6.dious.cc/20220504/id9RQqj4/index.m3u8"},{"player":"tkm3u8","name":"第15集","url":"https://v6.dious.cc/20220504/2WyijDXl/index.m3u8"},{"player":"tkm3u8","name":"第16集","url":"https://v6.dious.cc/20220504/baFo93Ko/index.m3u8"},{"player":"tkm3u8","name":"第17集","url":"https://v6.dious.cc/20220505/dwH3PmWa/index.m3u8"},{"player":"tkm3u8","name":"第18集","url":"https://v6.dious.cc/20220505/eycewnNw/index.m3u8"},{"player":"tkm3u8","name":"第19集","url":"https://v6.dious.cc/20220506/RTKUjIod/index.m3u8"},{"player":"tkm3u8","name":"第20集","url":"https://v6.dious.cc/20220506/icTxtxb0/index.m3u8"},{"player":"tkm3u8","name":"第21集","url":"https://v6.dious.cc/20220507/hoBvtFfr/index.m3u8"},{"player":"tkm3u8","name":"第22集","url":"https://v6.dious.cc/20220507/vPyHaBWo/index.m3u8"},{"player":"tkm3u8","name":"第23集","url":"https://v6.dious.cc/20220508/W299dxyk/index.m3u8"},{"player":"tkm3u8","name":"第24集","url":"https://v6.dious.cc/20220508/5PQjrF1F/index.m3u8"},{"player":"tkm3u8","name":"第25集","url":"https://v6.dious.cc/20220509/uCmlmqvF/index.m3u8"},{"player":"tkm3u8","name":"第26集","url":"https://v6.dious.cc/20220509/Cq8FyYaz/index.m3u8"},{"player":"tkm3u8","name":"第27集","url":"https://v6.dious.cc/20220510/bxfh09xh/index.m3u8"},{"player":"tkm3u8","name":"第28集","url":"https://v6.dious.cc/20220510/40oqJ9sS/index.m3u8"},{"player":"tkm3u8","name":"第29集","url":"https://v6.dious.cc/20220511/D5Wg8d3d/index.m3u8"},{"player":"tkm3u8","name":"第30集","url":"https://v6.dious.cc/20220511/1QjKQ423/index.m3u8"},{"player":"tkm3u8","name":"第31集","url":"https://v6.dious.cc/20220512/3DBLXogS/index.m3u8"},{"player":"tkm3u8","name":"第32集","url":"https://v6.dious.cc/20220512/OqqS8oKd/index.m3u8"},{"player":"tkm3u8","name":"第33集","url":"https://v6.dious.cc/20220513/i7OTW5Fc/index.m3u8"},{"player":"tkm3u8","name":"第34集","url":"https://v6.dious.cc/20220513/YrY1hO8h/index.m3u8"},{"player":"tkm3u8","name":"第35集","url":"https://v6.dious.cc/20220514/X5cBLCXc/index.m3u8"},{"player":"tkm3u8","name":"第36集","url":"https://v6.dious.cc/20220514/sgN9Pvyd/index.m3u8"},{"player":"tkm3u8","name":"第37集","url":"https://v6.dious.cc/20220515/g2oxAeup/index.m3u8"},{"player":"tkm3u8","name":"第38集","url":"https://v6.dious.cc/20220515/S2uTWznv/index.m3u8"},{"player":"tkm3u8","name":"第39集","url":"https://v6.dious.cc/20220516/zB3sN3dM/index.m3u8"},{"player":"tkm3u8","name":"第40集","url":"https://v6.dious.cc/20220516/pZRH5Zsp/index.m3u8"}]