[{"player":"tkm3u8","name":"第01集","url":"https://v4.dious.cc/20220428/M1IAlW2V/index.m3u8"},{"player":"tkm3u8","name":"第02集","url":"https://v4.dious.cc/20220428/Wob7b7c0/index.m3u8"},{"player":"tkm3u8","name":"第03集","url":"https://v4.dious.cc/20220428/EeCSLEsl/index.m3u8"},{"player":"tkm3u8","name":"第04集","url":"https://v4.dious.cc/20220428/cVFJ4eba/index.m3u8"},{"player":"tkm3u8","name":"第05集","url":"https://v4.dious.cc/20220428/D6kxglx3/index.m3u8"},{"player":"tkm3u8","name":"第06集","url":"https://v4.dious.cc/20220428/adGUnWZ6/index.m3u8"},{"player":"tkm3u8","name":"第07集","url":"https://v4.dious.cc/20220428/webzTPU6/index.m3u8"},{"player":"tkm3u8","name":"第08集","url":"https://v4.dious.cc/20220428/AysZ8Qto/index.m3u8"},{"player":"tkm3u8","name":"第09集","url":"https://v4.dious.cc/20220428/aC0uEr46/index.m3u8"},{"player":"tkm3u8","name":"第10集","url":"https://v4.dious.cc/20220428/oeDCKPM4/index.m3u8"},{"player":"tkm3u8","name":"第11集","url":"https://v4.dious.cc/20220428/Imf2jU2S/index.m3u8"},{"player":"tkm3u8","name":"第12集","url":"https://v4.dious.cc/20220428/oD4n6qhA/index.m3u8"},{"player":"tkm3u8","name":"第13集","url":"https://v4.dious.cc/20220428/Thj2LaII/index.m3u8"},{"player":"tkm3u8","name":"第14集","url":"https://v4.dious.cc/20220428/y9PSesvk/index.m3u8"},{"player":"tkm3u8","name":"第15集","url":"https://v4.dious.cc/20220428/RRVao5BV/index.m3u8"},{"player":"tkm3u8","name":"第16集","url":"https://v4.dious.cc/20220428/6cWNSr3q/index.m3u8"},{"player":"tkm3u8","name":"第17集","url":"https://v4.dious.cc/20220428/sOe0Sufe/index.m3u8"},{"player":"tkm3u8","name":"第18集","url":"https://v4.dious.cc/20220428/9H7chdNn/index.m3u8"},{"player":"tkm3u8","name":"第19集","url":"https://v4.dious.cc/20220428/Q2cmLveR/index.m3u8"},{"player":"tkm3u8","name":"第20集","url":"https://v4.dious.cc/20220428/60zZauqa/index.m3u8"},{"player":"tkm3u8","name":"第21集","url":"https://v4.dious.cc/20220428/BcwxcOPT/index.m3u8"},{"player":"tkm3u8","name":"第22集","url":"https://v4.dious.cc/20220428/AsIwTuck/index.m3u8"},{"player":"tkm3u8","name":"第23集","url":"https://v4.dious.cc/20220428/VX1PhwtQ/index.m3u8"},{"player":"tkm3u8","name":"第24集","url":"https://v4.dious.cc/20220428/ULS2q1HK/index.m3u8"},{"player":"tkm3u8","name":"第25集","url":"https://v4.dious.cc/20220428/IwDfWvvl/index.m3u8"},{"player":"tkm3u8","name":"第26集","url":"https://v4.dious.cc/20220428/bYAxDCPT/index.m3u8"},{"player":"tkm3u8","name":"第27集","url":"https://v4.dious.cc/20220428/wCw1aLjE/index.m3u8"},{"player":"tkm3u8","name":"第28集","url":"https://v4.dious.cc/20220428/vRMmvdrX/index.m3u8"},{"player":"tkm3u8","name":"第29集","url":"https://v4.dious.cc/20220428/8vMQHPWN/index.m3u8"},{"player":"tkm3u8","name":"第30集","url":"https://v4.dious.cc/20220428/IOo9w4Tv/index.m3u8"},{"player":"tkm3u8","name":"第31集","url":"https://v4.dious.cc/20220428/qeXPhNPU/index.m3u8"},{"player":"tkm3u8","name":"第32集","url":"https://v4.dious.cc/20220428/ic3LNnxS/index.m3u8"},{"player":"tkm3u8","name":"第33集","url":"https://v4.dious.cc/20220428/EuVc7p6n/index.m3u8"},{"player":"tkm3u8","name":"第34集","url":"https://v4.dious.cc/20220428/dKM5LFwl/index.m3u8"},{"player":"tkm3u8","name":"第35集","url":"https://v4.dious.cc/20220428/Hdo7Eqz8/index.m3u8"},{"player":"tkm3u8","name":"第36集","url":"https://v4.dious.cc/20220428/8sDhYXTP/index.m3u8"},{"player":"tkm3u8","name":"第37集","url":"https://v4.dious.cc/20220428/bk9KidMB/index.m3u8"},{"player":"tkm3u8","name":"第38集","url":"https://v4.dious.cc/20220428/3KFTRCet/index.m3u8"},{"player":"tkm3u8","name":"第39集","url":"https://v4.dious.cc/20220428/sQTxRlhB/index.m3u8"},{"player":"tkm3u8","name":"第40集","url":"https://v4.dious.cc/20220428/HYBAk4sr/index.m3u8"}]