[{"player":"tkm3u8","name":"第03集","url":"https://v6.dious.cc/20220413/ZJafyMEq/index.m3u8"},{"player":"tkm3u8","name":"第04集","url":"https://v6.dious.cc/20220413/SWVIbIDp/index.m3u8"},{"player":"tkm3u8","name":"第05集","url":"https://v6.dious.cc/20220525/KjEREWCZ/index.m3u8"},{"player":"tkm3u8","name":"第06集","url":"https://v6.dious.cc/20220525/GRifpmes/index.m3u8"},{"player":"tkm3u8","name":"第07集","url":"https://v6.dious.cc/20220525/jFxLeicB/index.m3u8"},{"player":"tkm3u8","name":"第08集","url":"https://v6.dious.cc/20220525/2ZXtb2yJ/index.m3u8"},{"player":"tkm3u8","name":"第09集","url":"https://v6.dious.cc/20220525/760ANfhl/index.m3u8"},{"player":"tkm3u8","name":"第10集","url":"https://v6.dious.cc/20220525/aweNPDSK/index.m3u8"}]