[{"player":"tkm3u8","name":"第01集","url":"https://v6.dious.cc/20220411/5rkuBVOp/index.m3u8"},{"player":"tkm3u8","name":"第02集","url":"https://v6.dious.cc/20220416/aodyntXc/index.m3u8"},{"player":"tkm3u8","name":"第03集","url":"https://v6.dious.cc/20220423/UFX8cpRy/index.m3u8"},{"player":"tkm3u8","name":"第04集","url":"https://v6.dious.cc/20220430/KR5uU3lG/index.m3u8"},{"player":"tkm3u8","name":"第05集","url":"https://v6.dious.cc/20220507/I0S9gwld/index.m3u8"},{"player":"tkm3u8","name":"第06集","url":"https://v6.dious.cc/20220514/c7loX6A9/index.m3u8"}]