[{"player":"tkm3u8","name":"第01集","url":"https://v6.dious.cc/20220602/PuK6pEte/index.m3u8"},{"player":"tkm3u8","name":"第02集","url":"https://v6.dious.cc/20220602/GJLQ6Jua/index.m3u8"},{"player":"tkm3u8","name":"第03集","url":"https://v6.dious.cc/20220602/pUbkLr1d/index.m3u8"},{"player":"tkm3u8","name":"第04集","url":"https://v7.dious.cc/20220609/qWHBoT0I/index.m3u8"},{"player":"tkm3u8","name":"第05集","url":"https://v7.dious.cc/20220616/ZrQM5Imb/index.m3u8"},{"player":"tkm3u8","name":"第06集","url":"https://v7.dious.cc/20220623/QRtYyVrd/index.m3u8"},{"player":"tkm3u8","name":"第07集","url":"https://v7.dious.cc/20220701/yrRBSpOU/index.m3u8"},{"player":"tkm3u8","name":"第08集","url":"https://v7.dious.cc/20220707/Xzrw4grf/index.m3u8"}]