[{"player":"tkm3u8","name":"第01集","url":"https://v7.dious.cc/20220611/bBofHUf0/index.m3u8"},{"player":"tkm3u8","name":"第02集","url":"https://v7.dious.cc/20220611/syoU6jJU/index.m3u8"},{"player":"tkm3u8","name":"第03集","url":"https://v7.dious.cc/20220611/tk6mKLoE/index.m3u8"},{"player":"tkm3u8","name":"第04集","url":"https://v7.dious.cc/20220611/QonxKHXu/index.m3u8"},{"player":"tkm3u8","name":"第05集","url":"https://v7.dious.cc/20220611/hZCVEjBg/index.m3u8"},{"player":"tkm3u8","name":"第06集","url":"https://v7.dious.cc/20220611/nlU7oXUL/index.m3u8"},{"player":"tkm3u8","name":"第07集","url":"https://v7.dious.cc/20220611/SI7nyBbE/index.m3u8"},{"player":"tkm3u8","name":"第08集","url":"https://v7.dious.cc/20220611/6LQYxlDz/index.m3u8"},{"player":"tkm3u8","name":"第09集","url":"https://v7.dious.cc/20220611/dB8xtJ71/index.m3u8"},{"player":"tkm3u8","name":"第10集","url":"https://v7.dious.cc/20220611/6EHshHcT/index.m3u8"},{"player":"tkm3u8","name":"第11集","url":"https://v7.dious.cc/20220611/MUYp2THr/index.m3u8"},{"player":"tkm3u8","name":"第12集","url":"https://v7.dious.cc/20220611/WhozkGgv/index.m3u8"},{"player":"tkm3u8","name":"第13集","url":"https://v7.dious.cc/20220611/SVgEJx0A/index.m3u8"},{"player":"tkm3u8","name":"第14集","url":"https://v7.dious.cc/20220611/R9AITopX/index.m3u8"},{"player":"tkm3u8","name":"第15集","url":"https://v7.dious.cc/20220611/ImJNQIHr/index.m3u8"},{"player":"tkm3u8","name":"第16集","url":"https://v7.dious.cc/20220611/I03UfX6B/index.m3u8"},{"player":"tkm3u8","name":"第17集","url":"https://v7.dious.cc/20220611/a19K59nU/index.m3u8"},{"player":"tkm3u8","name":"第18集","url":"https://v7.dious.cc/20220611/5I20ypl1/index.m3u8"},{"player":"tkm3u8","name":"第19集","url":"https://v7.dious.cc/20220611/8JmG8IbB/index.m3u8"},{"player":"tkm3u8","name":"第20集","url":"https://v7.dious.cc/20220611/e6EPdLrL/index.m3u8"},{"player":"tkm3u8","name":"第21集","url":"https://v7.dious.cc/20220611/CgR6POto/index.m3u8"},{"player":"tkm3u8","name":"第22集","url":"https://v7.dious.cc/20220611/Eo6WvBeZ/index.m3u8"},{"player":"tkm3u8","name":"第23集","url":"https://v7.dious.cc/20220611/HkNRXmYF/index.m3u8"},{"player":"tkm3u8","name":"第24集","url":"https://v7.dious.cc/20220611/2lLhP620/index.m3u8"}]