[{"player":"tkm3u8","name":"第01集","url":"https://v6.dious.cc/20220605/vHu3a08W/index.m3u8"},{"player":"tkm3u8","name":"第02集","url":"https://v6.dious.cc/20220605/nWVzCmIf/index.m3u8"},{"player":"tkm3u8","name":"第03集","url":"https://v6.dious.cc/20220605/c54SSGOu/index.m3u8"},{"player":"tkm3u8","name":"第04集","url":"https://v6.dious.cc/20220605/QpmiYHb0/index.m3u8"},{"player":"tkm3u8","name":"第05集","url":"https://v6.dious.cc/20220605/DJruHCI2/index.m3u8"},{"player":"tkm3u8","name":"第06集","url":"https://v6.dious.cc/20220605/IxzvmDNm/index.m3u8"},{"player":"tkm3u8","name":"第07集","url":"https://v7.dious.cc/20220606/wZzxi9j0/index.m3u8"},{"player":"tkm3u8","name":"第08集","url":"https://v7.dious.cc/20220606/73gNHVUL/index.m3u8"},{"player":"tkm3u8","name":"第09集","url":"https://v7.dious.cc/20220607/lbueICjz/index.m3u8"},{"player":"tkm3u8","name":"第10集","url":"https://v7.dious.cc/20220607/Oe8lbqtb/index.m3u8"},{"player":"tkm3u8","name":"第11集","url":"https://v7.dious.cc/20220608/2A4E5Qf0/index.m3u8"},{"player":"tkm3u8","name":"第12集","url":"https://v7.dious.cc/20220608/qIRcAaJF/index.m3u8"},{"player":"tkm3u8","name":"第13集","url":"https://v7.dious.cc/20220609/v1w78JAA/index.m3u8"},{"player":"tkm3u8","name":"第14集","url":"https://v7.dious.cc/20220609/7KPFL2f2/index.m3u8"},{"player":"tkm3u8","name":"第15集","url":"https://v7.dious.cc/20220610/4s7Ez4j6/index.m3u8"},{"player":"tkm3u8","name":"第16集","url":"https://v7.dious.cc/20220610/Zw9b1JCq/index.m3u8"},{"player":"tkm3u8","name":"第17集","url":"https://v7.dious.cc/20220611/bWsybuvW/index.m3u8"},{"player":"tkm3u8","name":"第18集","url":"https://v7.dious.cc/20220611/0u2bfxLW/index.m3u8"},{"player":"tkm3u8","name":"第19集","url":"https://v7.dious.cc/20220612/TbGd7n9i/index.m3u8"},{"player":"tkm3u8","name":"第20集","url":"https://v7.dious.cc/20220612/ZesKqGjx/index.m3u8"},{"player":"tkm3u8","name":"第21集","url":"https://v7.dious.cc/20220613/uK9UtcmN/index.m3u8"},{"player":"tkm3u8","name":"第22集","url":"https://v7.dious.cc/20220613/8TvCgzeY/index.m3u8"},{"player":"tkm3u8","name":"第23集","url":"https://v7.dious.cc/20220614/5gesZjDo/index.m3u8"},{"player":"tkm3u8","name":"第24集","url":"https://v7.dious.cc/20220614/4Bazl6WW/index.m3u8"},{"player":"tkm3u8","name":"第25集","url":"https://v7.dious.cc/20220615/rVt5vaCC/index.m3u8"},{"player":"tkm3u8","name":"第26集","url":"https://v7.dious.cc/20220615/0gmnS5En/index.m3u8"},{"player":"tkm3u8","name":"第27集","url":"https://v7.dious.cc/20220616/8LNGeVEx/index.m3u8"},{"player":"tkm3u8","name":"第28集","url":"https://v7.dious.cc/20220616/o0ScjNbA/index.m3u8"},{"player":"tkm3u8","name":"第29集","url":"https://v7.dious.cc/20220617/WsvacB1O/index.m3u8"},{"player":"tkm3u8","name":"第30集","url":"https://v7.dious.cc/20220617/G27xOTLC/index.m3u8"},{"player":"tkm3u8","name":"第31集","url":"https://v7.dious.cc/20220618/mvRbz61t/index.m3u8"},{"player":"tkm3u8","name":"第32集","url":"https://v7.dious.cc/20220618/h8LvRTF2/index.m3u8"},{"player":"tkm3u8","name":"第33集","url":"https://v7.dious.cc/20220619/QdvNzgUp/index.m3u8"},{"player":"tkm3u8","name":"第34集","url":"https://v7.dious.cc/20220619/8MXI3o5r/index.m3u8"},{"player":"tkm3u8","name":"第35集","url":"https://v7.dious.cc/20220620/GcbCIqEA/index.m3u8"},{"player":"tkm3u8","name":"第36集","url":"https://v7.dious.cc/20220620/Jl9bmYVt/index.m3u8"},{"player":"tkm3u8","name":"第37集","url":"https://v7.dious.cc/20220621/qdYkMnfo/index.m3u8"},{"player":"tkm3u8","name":"第38集","url":"https://v7.dious.cc/20220621/tPc6F1qM/index.m3u8"},{"player":"tkm3u8","name":"第39集","url":"https://v7.dious.cc/20220622/ZNQCSWEU/index.m3u8"},{"player":"tkm3u8","name":"第40集","url":"https://v7.dious.cc/20220622/FIEwMIVq/index.m3u8"}]