[{"player":"tkm3u8","name":"第01集","url":"https://v7.dious.cc/20220611/73H9qPDS/index.m3u8"},{"player":"tkm3u8","name":"第02集","url":"https://v7.dious.cc/20220611/ptIKUw94/index.m3u8"},{"player":"tkm3u8","name":"第03集","url":"https://v7.dious.cc/20220611/WzoKLU0O/index.m3u8"},{"player":"tkm3u8","name":"第04集","url":"https://v7.dious.cc/20220611/U57gtVfs/index.m3u8"},{"player":"tkm3u8","name":"第05集","url":"https://v7.dious.cc/20220611/K77kCvYx/index.m3u8"},{"player":"tkm3u8","name":"第06集","url":"https://v7.dious.cc/20220611/W7MrMpHZ/index.m3u8"},{"player":"tkm3u8","name":"第07集","url":"https://v7.dious.cc/20220611/qwPNbuhz/index.m3u8"},{"player":"tkm3u8","name":"第08集","url":"https://v7.dious.cc/20220611/1m6isDca/index.m3u8"},{"player":"tkm3u8","name":"第09集","url":"https://v7.dious.cc/20220611/yVSrj970/index.m3u8"},{"player":"tkm3u8","name":"第10集","url":"https://v7.dious.cc/20220611/g8XlqHgh/index.m3u8"},{"player":"tkm3u8","name":"第11集","url":"https://v7.dious.cc/20220611/47KO59qr/index.m3u8"},{"player":"tkm3u8","name":"第12集","url":"https://v7.dious.cc/20220611/UOA5YfrN/index.m3u8"},{"player":"tkm3u8","name":"第13集","url":"https://v7.dious.cc/20220611/Tne64Yrn/index.m3u8"},{"player":"tkm3u8","name":"第14集","url":"https://v7.dious.cc/20220611/vVo2VBby/index.m3u8"},{"player":"tkm3u8","name":"第15集","url":"https://v7.dious.cc/20220611/EYsVv9v2/index.m3u8"},{"player":"tkm3u8","name":"第16集","url":"https://v7.dious.cc/20220611/rIWMGz5x/index.m3u8"},{"player":"tkm3u8","name":"第17集","url":"https://v7.dious.cc/20220611/vccsgqKQ/index.m3u8"},{"player":"tkm3u8","name":"第18集","url":"https://v7.dious.cc/20220611/yoFl8Olx/index.m3u8"},{"player":"tkm3u8","name":"第19集","url":"https://v7.dious.cc/20220611/y94jVpXZ/index.m3u8"},{"player":"tkm3u8","name":"第20集","url":"https://v7.dious.cc/20220611/dBlitqaZ/index.m3u8"},{"player":"tkm3u8","name":"第21集","url":"https://v7.dious.cc/20220611/bnzF1BDc/index.m3u8"},{"player":"tkm3u8","name":"第22集","url":"https://v7.dious.cc/20220611/xTrbtucV/index.m3u8"},{"player":"tkm3u8","name":"第23集","url":"https://v7.dious.cc/20220611/DmAypKY8/index.m3u8"},{"player":"tkm3u8","name":"第24集","url":"https://v7.dious.cc/20220611/YNV3lQbV/index.m3u8"},{"player":"tkm3u8","name":"第25集","url":"https://v7.dious.cc/20220611/mhHp0Tc3/index.m3u8"},{"player":"tkm3u8","name":"第26集","url":"https://v7.dious.cc/20220611/S5Rhazjf/index.m3u8"}]