[{"player":"tkm3u8","name":"第01集","url":"https://v4.dious.cc/20220428/gsi0x1PC/index.m3u8"},{"player":"tkm3u8","name":"第02集","url":"https://v4.dious.cc/20220428/LKw6YR48/index.m3u8"},{"player":"tkm3u8","name":"第03集","url":"https://v4.dious.cc/20220428/wU8BJYP0/index.m3u8"},{"player":"tkm3u8","name":"第04集","url":"https://v4.dious.cc/20220428/BNedOzMx/index.m3u8"},{"player":"tkm3u8","name":"第05集","url":"https://v4.dious.cc/20220428/vny2unk8/index.m3u8"},{"player":"tkm3u8","name":"第06集","url":"https://v4.dious.cc/20220428/7I1wtNb1/index.m3u8"},{"player":"tkm3u8","name":"第07集","url":"https://v4.dious.cc/20220428/pUInfeRi/index.m3u8"},{"player":"tkm3u8","name":"第08集","url":"https://v4.dious.cc/20220428/S6a0yHmS/index.m3u8"},{"player":"tkm3u8","name":"第09集","url":"https://v4.dious.cc/20220428/p6uEl0Hf/index.m3u8"},{"player":"tkm3u8","name":"第10集","url":"https://v4.dious.cc/20220428/v1tVLvr2/index.m3u8"},{"player":"tkm3u8","name":"第11集","url":"https://v4.dious.cc/20220428/QaZXlWIx/index.m3u8"},{"player":"tkm3u8","name":"第12集","url":"https://v4.dious.cc/20220428/WfI4KG58/index.m3u8"},{"player":"tkm3u8","name":"第13集","url":"https://v4.dious.cc/20220428/R5f00tNo/index.m3u8"},{"player":"tkm3u8","name":"第14集","url":"https://v4.dious.cc/20220428/ynpl7OKw/index.m3u8"},{"player":"tkm3u8","name":"第15集","url":"https://v4.dious.cc/20220428/hRcSjRdP/index.m3u8"},{"player":"tkm3u8","name":"第16集","url":"https://v4.dious.cc/20220428/zvp61arq/index.m3u8"},{"player":"tkm3u8","name":"第17集","url":"https://v4.dious.cc/20220428/fCTCFcrU/index.m3u8"},{"player":"tkm3u8","name":"第18集","url":"https://v4.dious.cc/20220428/OS3d8VBz/index.m3u8"},{"player":"tkm3u8","name":"第19集","url":"https://v4.dious.cc/20220428/2eMWsr6O/index.m3u8"},{"player":"tkm3u8","name":"第20集","url":"https://v4.dious.cc/20220428/lZJe9Svn/index.m3u8"},{"player":"tkm3u8","name":"第21集","url":"https://v4.dious.cc/20220428/Lmdx00Ub/index.m3u8"},{"player":"tkm3u8","name":"第22集","url":"https://v4.dious.cc/20220428/tNzZfox1/index.m3u8"},{"player":"tkm3u8","name":"第23集","url":"https://v4.dious.cc/20220428/Mq6SpSod/index.m3u8"},{"player":"tkm3u8","name":"第24集","url":"https://v4.dious.cc/20220428/Mv0z9kw5/index.m3u8"}]