[{"player":"tkm3u8","name":"第01集","url":"https://v4.dious.cc/20220504/nmdHCAss/index.m3u8"},{"player":"tkm3u8","name":"第02集","url":"https://v4.dious.cc/20220504/QlgkNPSP/index.m3u8"},{"player":"tkm3u8","name":"第03集","url":"https://v4.dious.cc/20220504/RT3TQBDb/index.m3u8"},{"player":"tkm3u8","name":"第04集","url":"https://v4.dious.cc/20220504/QtI5apDO/index.m3u8"},{"player":"tkm3u8","name":"第05集","url":"https://v4.dious.cc/20220504/5NckQgoI/index.m3u8"},{"player":"tkm3u8","name":"第06集","url":"https://v4.dious.cc/20220504/qpFNqiBQ/index.m3u8"},{"player":"tkm3u8","name":"第07集","url":"https://v4.dious.cc/20220504/27p3tBaL/index.m3u8"},{"player":"tkm3u8","name":"第08集","url":"https://v4.dious.cc/20220504/rndmVuLr/index.m3u8"},{"player":"tkm3u8","name":"第09集","url":"https://v4.dious.cc/20220504/PFykdnJt/index.m3u8"},{"player":"tkm3u8","name":"第10集","url":"https://v4.dious.cc/20220504/BQhyoPKX/index.m3u8"},{"player":"tkm3u8","name":"第11集","url":"https://v4.dious.cc/20220504/OWnb0bHS/index.m3u8"},{"player":"tkm3u8","name":"第12集","url":"https://v4.dious.cc/20220504/hLj2zwdc/index.m3u8"},{"player":"tkm3u8","name":"第13集","url":"https://v4.dious.cc/20220504/GmlMePZb/index.m3u8"},{"player":"tkm3u8","name":"第14集","url":"https://v4.dious.cc/20220504/bNGJYdkF/index.m3u8"},{"player":"tkm3u8","name":"第15集","url":"https://v4.dious.cc/20220504/gTnnRHkT/index.m3u8"},{"player":"tkm3u8","name":"第16集","url":"https://v4.dious.cc/20220504/b7Bon1Fr/index.m3u8"},{"player":"tkm3u8","name":"第17集","url":"https://v4.dious.cc/20220504/G8US9xFs/index.m3u8"},{"player":"tkm3u8","name":"第18集","url":"https://v4.dious.cc/20220504/wz23Bj2c/index.m3u8"},{"player":"tkm3u8","name":"第19集","url":"https://v4.dious.cc/20220504/d3xjToLx/index.m3u8"},{"player":"tkm3u8","name":"第20集","url":"https://v4.dious.cc/20220504/Y6bU2FDa/index.m3u8"},{"player":"tkm3u8","name":"第21集","url":"https://v4.dious.cc/20220504/I1QxOQiB/index.m3u8"},{"player":"tkm3u8","name":"第22集","url":"https://v4.dious.cc/20220504/vWm76ZH8/index.m3u8"},{"player":"tkm3u8","name":"第23集","url":"https://v4.dious.cc/20220504/rHddCZH9/index.m3u8"},{"player":"tkm3u8","name":"第24集","url":"https://v4.dious.cc/20220504/hSWdjp6z/index.m3u8"},{"player":"tkm3u8","name":"第25集","url":"https://v4.dious.cc/20220504/POi2EjvR/index.m3u8"},{"player":"tkm3u8","name":"第26集","url":"https://v4.dious.cc/20220504/9ck5qV5j/index.m3u8"},{"player":"tkm3u8","name":"第27集","url":"https://v4.dious.cc/20220504/LCICA2nt/index.m3u8"},{"player":"tkm3u8","name":"第28集","url":"https://v4.dious.cc/20220504/EBlHkLpg/index.m3u8"},{"player":"tkm3u8","name":"第29集","url":"https://v4.dious.cc/20220504/UqS5Sywh/index.m3u8"},{"player":"tkm3u8","name":"第30集","url":"https://v4.dious.cc/20220504/aXi38uFW/index.m3u8"},{"player":"tkm3u8","name":"第31集","url":"https://v4.dious.cc/20220504/P2XOOXkm/index.m3u8"}]