[{"player":"tkm3u8","name":"第01集","url":"https://v7.dious.cc/20220608/Zi7p7gWZ/index.m3u8"},{"player":"tkm3u8","name":"第02集","url":"https://v7.dious.cc/20220609/BMu3BDy5/index.m3u8"},{"player":"tkm3u8","name":"第03集","url":"https://v7.dious.cc/20220615/oYo0UafO/index.m3u8"},{"player":"tkm3u8","name":"第04集","url":"https://v7.dious.cc/20220616/nls4sfQh/index.m3u8"},{"player":"tkm3u8","name":"第05集","url":"https://v7.dious.cc/20220622/QIdBbXK0/index.m3u8"},{"player":"tkm3u8","name":"第06集","url":"https://v7.dious.cc/20220623/1uPR9SET/index.m3u8"},{"player":"tkm3u8","name":"第07集","url":"https://v7.dious.cc/20220629/ZCRYNdjC/index.m3u8"},{"player":"tkm3u8","name":"第08集","url":"https://v7.dious.cc/20220701/dwOOMwVS/index.m3u8"},{"player":"tkm3u8","name":"第09集","url":"https://v7.dious.cc/20220706/r6cxoEus/index.m3u8"},{"player":"tkm3u8","name":"第10集","url":"https://v7.dious.cc/20220707/amkOrEhr/index.m3u8"},{"player":"tkm3u8","name":"第11集","url":"https://v7.dious.cc/20220713/C6pmdZr2/index.m3u8"},{"player":"tkm3u8","name":"第12集","url":"https://v7.dious.cc/20220714/rSXy2GO4/index.m3u8"},{"player":"tkm3u8","name":"第13集","url":"https://v7.dious.cc/20220720/YUYU1Vo8/index.m3u8"},{"player":"tkm3u8","name":"第14集","url":"https://v7.dious.cc/20220721/uqfdWdep/index.m3u8"},{"player":"tkm3u8","name":"第15集","url":"https://v7.dious.cc/20220727/7gJHg7NW/index.m3u8"},{"player":"tkm3u8","name":"第16集","url":"https://v7.dious.cc/20220728/CS4ZXkAq/index.m3u8"}]