[{"player":"tkm3u8","name":"第01集","url":"https://v5.dious.cc/20220416/MDNqE6Pk/index.m3u8"},{"player":"tkm3u8","name":"第02集","url":"https://v5.dious.cc/20220416/xNk6TwyL/index.m3u8"},{"player":"tkm3u8","name":"第03集","url":"https://v5.dious.cc/20220416/kDaPlKQ1/index.m3u8"},{"player":"tkm3u8","name":"第04集","url":"https://v5.dious.cc/20220416/x5i0mF7d/index.m3u8"},{"player":"tkm3u8","name":"第05集","url":"https://v5.dious.cc/20220416/BaFbfCa2/index.m3u8"},{"player":"tkm3u8","name":"第06集","url":"https://v5.dious.cc/20220416/oembkJyo/index.m3u8"},{"player":"tkm3u8","name":"第07集","url":"https://v5.dious.cc/20220416/mFB7BYxY/index.m3u8"},{"player":"tkm3u8","name":"第08集","url":"https://v5.dious.cc/20220416/DBTUZFwj/index.m3u8"},{"player":"tkm3u8","name":"第09集","url":"https://v5.dious.cc/20220416/0ZtwCKmu/index.m3u8"},{"player":"tkm3u8","name":"第10集","url":"https://v5.dious.cc/20220416/dR55dmt9/index.m3u8"},{"player":"tkm3u8","name":"第11集","url":"https://v5.dious.cc/20220416/QVq3XgLw/index.m3u8"},{"player":"tkm3u8","name":"第12集","url":"https://v5.dious.cc/20220416/AIQvkKK3/index.m3u8"},{"player":"tkm3u8","name":"第13集","url":"https://v5.dious.cc/20220416/Vp8nKFjE/index.m3u8"},{"player":"tkm3u8","name":"第14集","url":"https://v5.dious.cc/20220416/DoyGWZUu/index.m3u8"},{"player":"tkm3u8","name":"第15集","url":"https://v5.dious.cc/20220416/IYs1Jbla/index.m3u8"},{"player":"tkm3u8","name":"第16集","url":"https://v6.dious.cc/20220416/Cq0Xs8nz/index.m3u8"},{"player":"tkm3u8","name":"第17集","url":"https://v6.dious.cc/20220425/7ywKSol4/index.m3u8"},{"player":"tkm3u8","name":"第18集","url":"https://v6.dious.cc/20220428/eZoHnIcM/index.m3u8"},{"player":"tkm3u8","name":"第19集","url":"https://v6.dious.cc/20220506/V0vWZo08/index.m3u8"},{"player":"tkm3u8","name":"第20集","url":"https://v6.dious.cc/20220527/w090QhqA/index.m3u8"},{"player":"tkm3u8","name":"第21集","url":"https://v6.dious.cc/20220528/Xl1RT9Si/index.m3u8"},{"player":"tkm3u8","name":"第22集","url":"https://v6.dious.cc/20220530/6D33pZeg/index.m3u8"}]