[{"player":"tkm3u8","name":"第01集","url":"https://v6.dious.cc/20220604/flUQ6YDf/index.m3u8"},{"player":"tkm3u8","name":"第02集","url":"https://v7.dious.cc/20220605/ofZ1b6Km/index.m3u8"},{"player":"tkm3u8","name":"第03集","url":"https://v7.dious.cc/20220611/5oFV67b4/index.m3u8"},{"player":"tkm3u8","name":"第04集","url":"https://v7.dious.cc/20220612/7xI1pLyq/index.m3u8"},{"player":"tkm3u8","name":"第05集","url":"https://v7.dious.cc/20220618/YiLsIxfY/index.m3u8"},{"player":"tkm3u8","name":"第06集","url":"https://v7.dious.cc/20220619/mdKMlPmi/index.m3u8"},{"player":"tkm3u8","name":"第07集","url":"https://v7.dious.cc/20220625/RriKrZac/index.m3u8"},{"player":"tkm3u8","name":"第08集","url":"https://v7.dious.cc/20220626/UpqVmBYI/index.m3u8"},{"player":"tkm3u8","name":"第09集","url":"https://v7.dious.cc/20220702/fifCBArF/index.m3u8"},{"player":"tkm3u8","name":"第10集","url":"https://v7.dious.cc/20220703/WAw3fcPf/index.m3u8"},{"player":"tkm3u8","name":"第11集","url":"https://v7.dious.cc/20220709/ced7Js7Y/index.m3u8"},{"player":"tkm3u8","name":"第12集","url":"https://v7.dious.cc/20220710/2QRbQVZh/index.m3u8"},{"player":"tkm3u8","name":"第13集","url":"https://v7.dious.cc/20220716/dlBDJYYt/index.m3u8"},{"player":"tkm3u8","name":"第14集","url":"https://v7.dious.cc/20220717/o82HFTvV/index.m3u8"},{"player":"tkm3u8","name":"第15集","url":"https://v7.dious.cc/20220723/OA9r7rVJ/index.m3u8"},{"player":"tkm3u8","name":"第16集","url":"https://v7.dious.cc/20220724/gDf26aia/index.m3u8"}]