[{"player":"tkm3u8","name":"第01集","url":"https://v7.dious.cc/20220624/Toxh4bft/index.m3u8"},{"player":"tkm3u8","name":"第02集","url":"https://v7.dious.cc/20220624/UeruwOEH/index.m3u8"},{"player":"tkm3u8","name":"第03集","url":"https://v7.dious.cc/20220624/CuRa2g6S/index.m3u8"},{"player":"tkm3u8","name":"第04集","url":"https://v7.dious.cc/20220624/rNaqhYrF/index.m3u8"},{"player":"tkm3u8","name":"第05集","url":"https://v7.dious.cc/20220624/VuvB1GON/index.m3u8"},{"player":"tkm3u8","name":"第06集","url":"https://v7.dious.cc/20220624/YcYT1DXI/index.m3u8"},{"player":"tkm3u8","name":"第07集","url":"https://v7.dious.cc/20220624/nqlQXyUG/index.m3u8"},{"player":"tkm3u8","name":"第08集","url":"https://v7.dious.cc/20220624/uMtn3VxJ/index.m3u8"},{"player":"tkm3u8","name":"第09集","url":"https://v7.dious.cc/20220624/mras1zc4/index.m3u8"},{"player":"tkm3u8","name":"第10集","url":"https://v7.dious.cc/20220624/QJObRUFp/index.m3u8"},{"player":"tkm3u8","name":"第11集","url":"https://v7.dious.cc/20220624/az9gMCii/index.m3u8"},{"player":"tkm3u8","name":"第12集","url":"https://v7.dious.cc/20220624/OHVmlApv/index.m3u8"},{"player":"tkm3u8","name":"第13集","url":"https://v7.dious.cc/20220624/jAMLBRlO/index.m3u8"},{"player":"tkm3u8","name":"第14集","url":"https://v7.dious.cc/20220624/lXl7pBEt/index.m3u8"},{"player":"tkm3u8","name":"第15集","url":"https://v7.dious.cc/20220624/XM4SPRUt/index.m3u8"},{"player":"tkm3u8","name":"第16集","url":"https://v7.dious.cc/20220624/AIIKXTqu/index.m3u8"},{"player":"tkm3u8","name":"第17集","url":"https://v7.dious.cc/20220624/2AMJqUbp/index.m3u8"},{"player":"tkm3u8","name":"第18集","url":"https://v7.dious.cc/20220624/e6iVYxFB/index.m3u8"},{"player":"tkm3u8","name":"第19集","url":"https://v7.dious.cc/20220624/VSSWIife/index.m3u8"},{"player":"tkm3u8","name":"第20集","url":"https://v7.dious.cc/20220624/RBTx2Npw/index.m3u8"}]