[{"player":"tkm3u8","name":"第01集","url":"https://v7.dious.cc/20220624/LRKLQPpN/index.m3u8"},{"player":"tkm3u8","name":"第02集","url":"https://v7.dious.cc/20220624/edYv3VvV/index.m3u8"},{"player":"tkm3u8","name":"第03集","url":"https://v7.dious.cc/20220624/iiXMZsnL/index.m3u8"},{"player":"tkm3u8","name":"第04集","url":"https://v7.dious.cc/20220624/jXsrPxK3/index.m3u8"},{"player":"tkm3u8","name":"第05集","url":"https://v7.dious.cc/20220624/QjuIMHwS/index.m3u8"},{"player":"tkm3u8","name":"第06集","url":"https://v7.dious.cc/20220624/snEzY3g1/index.m3u8"},{"player":"tkm3u8","name":"第07集","url":"https://v7.dious.cc/20220624/P6xNvpKD/index.m3u8"},{"player":"tkm3u8","name":"第08集","url":"https://v7.dious.cc/20220624/BVfUZGUh/index.m3u8"},{"player":"tkm3u8","name":"第09集","url":"https://v7.dious.cc/20220624/PjbwxpRy/index.m3u8"},{"player":"tkm3u8","name":"第10集","url":"https://v7.dious.cc/20220624/v0WzfydZ/index.m3u8"},{"player":"tkm3u8","name":"第11集","url":"https://v7.dious.cc/20220624/Fpx8VGjA/index.m3u8"},{"player":"tkm3u8","name":"第12集","url":"https://v7.dious.cc/20220624/Hk33DyQO/index.m3u8"},{"player":"tkm3u8","name":"第13集","url":"https://v7.dious.cc/20220624/zeU7Mm9c/index.m3u8"},{"player":"tkm3u8","name":"第14集","url":"https://v7.dious.cc/20220624/vK4K8BKH/index.m3u8"},{"player":"tkm3u8","name":"第15集","url":"https://v7.dious.cc/20220624/qjIvFcwk/index.m3u8"},{"player":"tkm3u8","name":"第16集","url":"https://v7.dious.cc/20220624/47BSmvfa/index.m3u8"},{"player":"tkm3u8","name":"第17集","url":"https://v7.dious.cc/20220624/z4rl9sTC/index.m3u8"},{"player":"tkm3u8","name":"第18集","url":"https://v7.dious.cc/20220624/EK4Pbgs2/index.m3u8"},{"player":"tkm3u8","name":"第19集","url":"https://v7.dious.cc/20220624/ENyVa5TK/index.m3u8"},{"player":"tkm3u8","name":"第20集","url":"https://v7.dious.cc/20220624/GZaP8Lwb/index.m3u8"}]