[{"player":"tkm3u8","name":"第01集","url":"https://v7.dious.cc/20220611/3PHoRUJh/index.m3u8"},{"player":"tkm3u8","name":"第02集","url":"https://v7.dious.cc/20220611/Hc46Wk0o/index.m3u8"},{"player":"tkm3u8","name":"第03集","url":"https://v7.dious.cc/20220611/ePAVZUEw/index.m3u8"},{"player":"tkm3u8","name":"第04集","url":"https://v7.dious.cc/20220611/mmxZa1DR/index.m3u8"},{"player":"tkm3u8","name":"第05集","url":"https://v7.dious.cc/20220611/4QQETgPQ/index.m3u8"},{"player":"tkm3u8","name":"第06集","url":"https://v7.dious.cc/20220611/E7RpTgrW/index.m3u8"},{"player":"tkm3u8","name":"第07集","url":"https://v7.dious.cc/20220611/R8KugTeu/index.m3u8"},{"player":"tkm3u8","name":"第08集","url":"https://v7.dious.cc/20220611/dAgqUACu/index.m3u8"},{"player":"tkm3u8","name":"第09集","url":"https://v7.dious.cc/20220611/vIbKa9dB/index.m3u8"},{"player":"tkm3u8","name":"第10集","url":"https://v7.dious.cc/20220611/mzO6U7xM/index.m3u8"},{"player":"tkm3u8","name":"第11集","url":"https://v7.dious.cc/20220611/wNnLzvQ9/index.m3u8"},{"player":"tkm3u8","name":"第12集","url":"https://v7.dious.cc/20220611/vQVL2FN0/index.m3u8"},{"player":"tkm3u8","name":"第13集","url":"https://v7.dious.cc/20220611/fE2DaALK/index.m3u8"},{"player":"tkm3u8","name":"第14集","url":"https://v7.dious.cc/20220611/uRJxITHN/index.m3u8"},{"player":"tkm3u8","name":"第15集","url":"https://v7.dious.cc/20220611/PWjMTTmx/index.m3u8"},{"player":"tkm3u8","name":"第16集","url":"https://v7.dious.cc/20220611/mdNcUXTv/index.m3u8"},{"player":"tkm3u8","name":"第17集","url":"https://v7.dious.cc/20220611/kxt2MEqk/index.m3u8"},{"player":"tkm3u8","name":"第18集","url":"https://v7.dious.cc/20220611/4rt15zXp/index.m3u8"},{"player":"tkm3u8","name":"第19集","url":"https://v7.dious.cc/20220611/68UxUmBu/index.m3u8"},{"player":"tkm3u8","name":"第20集","url":"https://v7.dious.cc/20220611/dYOvHkR2/index.m3u8"},{"player":"tkm3u8","name":"第21集","url":"https://v7.dious.cc/20220611/hQQBfbKD/index.m3u8"},{"player":"tkm3u8","name":"第22集","url":"https://v7.dious.cc/20220611/sn4ExAzm/index.m3u8"},{"player":"tkm3u8","name":"第23集","url":"https://v7.dious.cc/20220611/SfAS1cBv/index.m3u8"},{"player":"tkm3u8","name":"第24集","url":"https://v7.dious.cc/20220611/FErtHaBG/index.m3u8"},{"player":"tkm3u8","name":"第25集","url":"https://v7.dious.cc/20220611/1ku4TjuG/index.m3u8"},{"player":"tkm3u8","name":"第26集","url":"https://v7.dious.cc/20220611/6s8VcMoj/index.m3u8"},{"player":"tkm3u8","name":"第27集","url":"https://v7.dious.cc/20220611/q8DJDyJ0/index.m3u8"},{"player":"tkm3u8","name":"第28集","url":"https://v7.dious.cc/20220611/qKlNKHll/index.m3u8"},{"player":"tkm3u8","name":"第29集","url":"https://v7.dious.cc/20220611/xymR4z8p/index.m3u8"},{"player":"tkm3u8","name":"第30集","url":"https://v7.dious.cc/20220611/VSsjFb16/index.m3u8"},{"player":"tkm3u8","name":"第31集","url":"https://v7.dious.cc/20220611/QlyaJyIs/index.m3u8"},{"player":"tkm3u8","name":"第32集","url":"https://v7.dious.cc/20220611/aLU2IAvN/index.m3u8"},{"player":"tkm3u8","name":"第33集","url":"https://v7.dious.cc/20220611/iQwBj02b/index.m3u8"},{"player":"tkm3u8","name":"第34集","url":"https://v7.dious.cc/20220611/9Cj1GNT4/index.m3u8"},{"player":"tkm3u8","name":"第35集","url":"https://v7.dious.cc/20220611/cpPoFxYB/index.m3u8"},{"player":"tkm3u8","name":"第36集","url":"https://v7.dious.cc/20220611/smy1AISX/index.m3u8"}]