[{"player":"tkm3u8","name":"第01集","url":"https://v4.dious.cc/20220424/0Qi6Zow9/index.m3u8"},{"player":"tkm3u8","name":"第02集","url":"https://v4.dious.cc/20220424/74hR3Q4t/index.m3u8"},{"player":"tkm3u8","name":"第03集","url":"https://v4.dious.cc/20220424/uIQ7nKeq/index.m3u8"},{"player":"tkm3u8","name":"第04集","url":"https://v4.dious.cc/20220424/Dqy1ZdUM/index.m3u8"},{"player":"tkm3u8","name":"第05集","url":"https://v4.dious.cc/20220424/sZz7ze6y/index.m3u8"},{"player":"tkm3u8","name":"第06集","url":"https://v4.dious.cc/20220424/ScDgMnLu/index.m3u8"},{"player":"tkm3u8","name":"第07集","url":"https://v4.dious.cc/20220424/EkeGwfxc/index.m3u8"},{"player":"tkm3u8","name":"第08集","url":"https://v4.dious.cc/20220424/NgiOPJIX/index.m3u8"},{"player":"tkm3u8","name":"第09集","url":"https://v4.dious.cc/20220424/2UxRAr2A/index.m3u8"},{"player":"tkm3u8","name":"第10集","url":"https://v4.dious.cc/20220424/D1mlX8dV/index.m3u8"},{"player":"tkm3u8","name":"第11集","url":"https://v4.dious.cc/20220424/Xeq1EahL/index.m3u8"},{"player":"tkm3u8","name":"第12集","url":"https://v4.dious.cc/20220424/nGcvvw7d/index.m3u8"},{"player":"tkm3u8","name":"第13集","url":"https://v4.dious.cc/20220424/g97oXc1i/index.m3u8"},{"player":"tkm3u8","name":"第14集","url":"https://v4.dious.cc/20220424/NwISTFRn/index.m3u8"},{"player":"tkm3u8","name":"第15集","url":"https://v4.dious.cc/20220424/al9qwWR9/index.m3u8"},{"player":"tkm3u8","name":"第16集","url":"https://v4.dious.cc/20220424/yB300iJJ/index.m3u8"},{"player":"tkm3u8","name":"第17集","url":"https://v4.dious.cc/20220424/rNcU5omM/index.m3u8"},{"player":"tkm3u8","name":"第18集","url":"https://v4.dious.cc/20220424/JtAxQBrC/index.m3u8"},{"player":"tkm3u8","name":"第19集","url":"https://v4.dious.cc/20220424/YaekB7rC/index.m3u8"},{"player":"tkm3u8","name":"第20集","url":"https://v4.dious.cc/20220424/kmAZRZdL/index.m3u8"},{"player":"tkm3u8","name":"第21集","url":"https://v4.dious.cc/20220424/MeabrcCb/index.m3u8"},{"player":"tkm3u8","name":"第22集","url":"https://v4.dious.cc/20220424/CsivMR4C/index.m3u8"},{"player":"tkm3u8","name":"第23集","url":"https://v4.dious.cc/20220424/cgFsRPQU/index.m3u8"},{"player":"tkm3u8","name":"第24集","url":"https://v4.dious.cc/20220424/ucWfP8t3/index.m3u8"},{"player":"tkm3u8","name":"第25集","url":"https://v4.dious.cc/20220424/VncWt5aF/index.m3u8"},{"player":"tkm3u8","name":"第26集","url":"https://v4.dious.cc/20220424/6go9oLHy/index.m3u8"},{"player":"tkm3u8","name":"第27集","url":"https://v4.dious.cc/20220424/Xk3OqM8a/index.m3u8"},{"player":"tkm3u8","name":"第28集","url":"https://v4.dious.cc/20220424/YlXeRMtQ/index.m3u8"},{"player":"tkm3u8","name":"第29集","url":"https://v4.dious.cc/20220424/BROoUI3V/index.m3u8"},{"player":"tkm3u8","name":"第30集","url":"https://v4.dious.cc/20220424/3fckGEtQ/index.m3u8"},{"player":"tkm3u8","name":"第31集","url":"https://v4.dious.cc/20220424/65RRGI7l/index.m3u8"},{"player":"tkm3u8","name":"第32集","url":"https://v4.dious.cc/20220424/qHdjSXej/index.m3u8"},{"player":"tkm3u8","name":"第33集","url":"https://v4.dious.cc/20220424/etcA1UPC/index.m3u8"},{"player":"tkm3u8","name":"第34集","url":"https://v4.dious.cc/20220424/i8WDIHE7/index.m3u8"},{"player":"tkm3u8","name":"第35集","url":"https://v4.dious.cc/20220424/8dZuqT7M/index.m3u8"},{"player":"tkm3u8","name":"第36集","url":"https://v4.dious.cc/20220424/7h6KvKeL/index.m3u8"},{"player":"tkm3u8","name":"第37集","url":"https://v4.dious.cc/20220424/HYZjysJs/index.m3u8"},{"player":"tkm3u8","name":"第38集","url":"https://v4.dious.cc/20220424/HZTeOet3/index.m3u8"},{"player":"tkm3u8","name":"第39集","url":"https://v4.dious.cc/20220424/6XGworUo/index.m3u8"},{"player":"tkm3u8","name":"第40集","url":"https://v4.dious.cc/20220424/oil8z4bF/index.m3u8"},{"player":"tkm3u8","name":"第41集","url":"https://v4.dious.cc/20220424/m95DC3TX/index.m3u8"},{"player":"tkm3u8","name":"第42集","url":"https://v4.dious.cc/20220424/TrttyN77/index.m3u8"},{"player":"tkm3u8","name":"第43集","url":"https://v4.dious.cc/20220424/ZJISLgru/index.m3u8"}]