[{"player":"tkm3u8","name":"第01集","url":"https://v7.dious.cc/20220612/dE97gbIZ/index.m3u8"},{"player":"tkm3u8","name":"第02集","url":"https://v7.dious.cc/20220612/AkHYlVBa/index.m3u8"},{"player":"tkm3u8","name":"第03集","url":"https://v7.dious.cc/20220612/C2zH1rBl/index.m3u8"},{"player":"tkm3u8","name":"第04集","url":"https://v7.dious.cc/20220612/v4odr2MG/index.m3u8"},{"player":"tkm3u8","name":"第05集","url":"https://v7.dious.cc/20220612/S2PmEa4W/index.m3u8"},{"player":"tkm3u8","name":"第06集","url":"https://v7.dious.cc/20220612/25sgjLtR/index.m3u8"},{"player":"tkm3u8","name":"第07集","url":"https://v7.dious.cc/20220612/5nHOjNrm/index.m3u8"},{"player":"tkm3u8","name":"第08集","url":"https://v7.dious.cc/20220612/cXRPvXsf/index.m3u8"},{"player":"tkm3u8","name":"第09集","url":"https://v7.dious.cc/20220612/xbczLspk/index.m3u8"},{"player":"tkm3u8","name":"第10集","url":"https://v7.dious.cc/20220612/cIqZ6ET6/index.m3u8"},{"player":"tkm3u8","name":"第11集","url":"https://v7.dious.cc/20220612/xlibHRD1/index.m3u8"},{"player":"tkm3u8","name":"第12集","url":"https://v7.dious.cc/20220612/ZGwdyJnV/index.m3u8"},{"player":"tkm3u8","name":"第13集","url":"https://v7.dious.cc/20220612/S5Q3IH4I/index.m3u8"},{"player":"tkm3u8","name":"第14集","url":"https://v7.dious.cc/20220612/vVSgA1Zr/index.m3u8"},{"player":"tkm3u8","name":"第15集","url":"https://v7.dious.cc/20220612/eIAYuwsg/index.m3u8"},{"player":"tkm3u8","name":"第16集","url":"https://v7.dious.cc/20220612/Dgw5gZRg/index.m3u8"},{"player":"tkm3u8","name":"第17集","url":"https://v7.dious.cc/20220612/1ieKOqMs/index.m3u8"},{"player":"tkm3u8","name":"第18集","url":"https://v7.dious.cc/20220612/vKs4OItF/index.m3u8"},{"player":"tkm3u8","name":"第19集","url":"https://v7.dious.cc/20220612/XetrPW3z/index.m3u8"},{"player":"tkm3u8","name":"第20集","url":"https://v7.dious.cc/20220612/oLeSpQJX/index.m3u8"},{"player":"tkm3u8","name":"第21集","url":"https://v7.dious.cc/20220612/fHRtpY79/index.m3u8"},{"player":"tkm3u8","name":"第22集","url":"https://v7.dious.cc/20220612/OKaA9Wbe/index.m3u8"}]