[{"player":"tkm3u8","name":"第01集","url":"https://v7.dious.cc/20220612/qycL1kuw/index.m3u8"},{"player":"tkm3u8","name":"第02集","url":"https://v7.dious.cc/20220612/nomyV1SW/index.m3u8"},{"player":"tkm3u8","name":"第03集","url":"https://v7.dious.cc/20220612/ji857ueO/index.m3u8"},{"player":"tkm3u8","name":"第04集","url":"https://v7.dious.cc/20220612/UNQfA8tL/index.m3u8"},{"player":"tkm3u8","name":"第05集","url":"https://v7.dious.cc/20220612/rP8KW9hO/index.m3u8"},{"player":"tkm3u8","name":"第06集","url":"https://v7.dious.cc/20220612/nzNbJAZs/index.m3u8"},{"player":"tkm3u8","name":"第07集","url":"https://v7.dious.cc/20220612/9dKndHpd/index.m3u8"},{"player":"tkm3u8","name":"第08集","url":"https://v7.dious.cc/20220612/09C6Xosr/index.m3u8"},{"player":"tkm3u8","name":"第09集","url":"https://v7.dious.cc/20220612/SbWkumOV/index.m3u8"},{"player":"tkm3u8","name":"第10集","url":"https://v7.dious.cc/20220612/7eifzL1b/index.m3u8"},{"player":"tkm3u8","name":"第11集","url":"https://v7.dious.cc/20220613/YDeunbd1/index.m3u8"},{"player":"tkm3u8","name":"第12集","url":"https://v7.dious.cc/20220613/4fgxTXbJ/index.m3u8"},{"player":"tkm3u8","name":"第13集","url":"https://v7.dious.cc/20220618/mXt4ZfEL/index.m3u8"},{"player":"tkm3u8","name":"第14集","url":"https://v7.dious.cc/20220618/FKxnE8SV/index.m3u8"},{"player":"tkm3u8","name":"第15集","url":"https://v7.dious.cc/20220619/ABzmTglI/index.m3u8"},{"player":"tkm3u8","name":"第16集","url":"https://v7.dious.cc/20220619/84I9MjS2/index.m3u8"},{"player":"tkm3u8","name":"第17集","url":"https://v7.dious.cc/20220622/NLxokhP9/index.m3u8"},{"player":"tkm3u8","name":"第18集","url":"https://v7.dious.cc/20220622/bfdoyD2r/index.m3u8"},{"player":"tkm3u8","name":"第19集","url":"https://v7.dious.cc/20220625/Xk2hiPQZ/index.m3u8"},{"player":"tkm3u8","name":"第20集","url":"https://v7.dious.cc/20220625/EUn3H8P4/index.m3u8"},{"player":"tkm3u8","name":"第21集","url":"https://v7.dious.cc/20220627/I2D3YmwM/index.m3u8"},{"player":"tkm3u8","name":"第22集","url":"https://v7.dious.cc/20220627/UQ4ZaJiu/index.m3u8"},{"player":"tkm3u8","name":"第23集","url":"https://v7.dious.cc/20220627/eBN0SxKQ/index.m3u8"},{"player":"tkm3u8","name":"第24集","url":"https://v7.dious.cc/20220627/QjCZ2dPI/index.m3u8"}]