[{"player":"tkm3u8","name":"第01集","url":"https://v4.dious.cc/20220503/kmTaQ4K5/index.m3u8"},{"player":"tkm3u8","name":"第02集","url":"https://v4.dious.cc/20220503/67tkXbIo/index.m3u8"},{"player":"tkm3u8","name":"第03集","url":"https://v4.dious.cc/20220503/7WrGX187/index.m3u8"},{"player":"tkm3u8","name":"第04集","url":"https://v4.dious.cc/20220503/2D9HUaKZ/index.m3u8"},{"player":"tkm3u8","name":"第05集","url":"https://v4.dious.cc/20220503/RylFMrmS/index.m3u8"},{"player":"tkm3u8","name":"第06集","url":"https://v4.dious.cc/20220503/YfxRsnF6/index.m3u8"},{"player":"tkm3u8","name":"第07集","url":"https://v4.dious.cc/20220503/dqIlDKLE/index.m3u8"},{"player":"tkm3u8","name":"第08集","url":"https://v4.dious.cc/20220503/Gf1xGiay/index.m3u8"},{"player":"tkm3u8","name":"第09集","url":"https://v4.dious.cc/20220503/27PMLb7X/index.m3u8"},{"player":"tkm3u8","name":"第10集","url":"https://v4.dious.cc/20220503/er4vKoMH/index.m3u8"},{"player":"tkm3u8","name":"第11集","url":"https://v4.dious.cc/20220503/2ZetR5zT/index.m3u8"},{"player":"tkm3u8","name":"第12集","url":"https://v4.dious.cc/20220503/v3YxAj33/index.m3u8"},{"player":"tkm3u8","name":"第13集","url":"https://v4.dious.cc/20220503/jIeSggR3/index.m3u8"},{"player":"tkm3u8","name":"第14集","url":"https://v4.dious.cc/20220503/pXJn8GfQ/index.m3u8"},{"player":"tkm3u8","name":"第15集","url":"https://v4.dious.cc/20220503/zG25xjXq/index.m3u8"},{"player":"tkm3u8","name":"第16集","url":"https://v4.dious.cc/20220503/58MDJ56X/index.m3u8"},{"player":"tkm3u8","name":"第17集","url":"https://v4.dious.cc/20220503/gMmTs0RD/index.m3u8"},{"player":"tkm3u8","name":"第18集","url":"https://v4.dious.cc/20220503/Ey45g742/index.m3u8"},{"player":"tkm3u8","name":"第19集","url":"https://v4.dious.cc/20220503/d1QBYI4L/index.m3u8"},{"player":"tkm3u8","name":"第20集","url":"https://v4.dious.cc/20220503/oBpZ04ZI/index.m3u8"},{"player":"tkm3u8","name":"第21集","url":"https://v4.dious.cc/20220503/PEAwh6AR/index.m3u8"}]