[{"player":"tkm3u8","name":"第01集","url":"https://v6.dious.cc/20220502/hg3t4S6m/index.m3u8"},{"player":"tkm3u8","name":"第02集","url":"https://v6.dious.cc/20220502/lAw5a8CV/index.m3u8"},{"player":"tkm3u8","name":"第03集","url":"https://v6.dious.cc/20220502/ZOaJ0R6h/index.m3u8"},{"player":"tkm3u8","name":"第04集","url":"https://v6.dious.cc/20220502/VHKqpIqk/index.m3u8"},{"player":"tkm3u8","name":"第05集","url":"https://v6.dious.cc/20220502/nrPN3S40/index.m3u8"},{"player":"tkm3u8","name":"第06集","url":"https://v6.dious.cc/20220502/ranKDlGq/index.m3u8"},{"player":"tkm3u8","name":"第07集","url":"https://v6.dious.cc/20220502/3DNyl9Qz/index.m3u8"},{"player":"tkm3u8","name":"第08集","url":"https://v6.dious.cc/20220502/cIVcLm9s/index.m3u8"},{"player":"tkm3u8","name":"第09集","url":"https://v6.dious.cc/20220502/6hL48pJz/index.m3u8"},{"player":"tkm3u8","name":"第10集","url":"https://v6.dious.cc/20220502/c4ZjUgIN/index.m3u8"},{"player":"tkm3u8","name":"第11集","url":"https://v6.dious.cc/20220502/eUQXARMF/index.m3u8"},{"player":"tkm3u8","name":"第12集","url":"https://v6.dious.cc/20220502/7rbwftOQ/index.m3u8"},{"player":"tkm3u8","name":"第13集","url":"https://v6.dious.cc/20220502/tfRzwKLU/index.m3u8"},{"player":"tkm3u8","name":"第14集","url":"https://v6.dious.cc/20220502/3iRcZWUe/index.m3u8"},{"player":"tkm3u8","name":"第15集","url":"https://v6.dious.cc/20220502/x7fGQLl0/index.m3u8"},{"player":"tkm3u8","name":"第16集","url":"https://v6.dious.cc/20220502/TSVbWUMa/index.m3u8"},{"player":"tkm3u8","name":"第17集","url":"https://v6.dious.cc/20220502/F687A70u/index.m3u8"},{"player":"tkm3u8","name":"第18集","url":"https://v6.dious.cc/20220502/2mmpYj0D/index.m3u8"},{"player":"tkm3u8","name":"第19集","url":"https://v6.dious.cc/20220502/g7uUlUVH/index.m3u8"},{"player":"tkm3u8","name":"第20集","url":"https://v6.dious.cc/20220502/BBBIUe3v/index.m3u8"},{"player":"tkm3u8","name":"第21集","url":"https://v6.dious.cc/20220502/ohIPe9uj/index.m3u8"},{"player":"tkm3u8","name":"第22集","url":"https://v6.dious.cc/20220502/olZAlPWO/index.m3u8"},{"player":"tkm3u8","name":"第23集","url":"https://v6.dious.cc/20220502/XogPyqxh/index.m3u8"},{"player":"tkm3u8","name":"第24集","url":"https://v6.dious.cc/20220502/NFmxvaX5/index.m3u8"}]